DOI,Citation,Location,Site_ID,Biome,Discharge_m3s,CO2_flux_gCm2day,pH,Temperature_C,Internal_Pathway_gCm2day,External_Pathway_gCm2day,Source_Water,Source_Water_Brief,Unit_Conversions_Notes,Source,Biome_Category,Mean_Annual_Precipitation_cm_yr
10.1002/lol2.10195,"(Aho et al., 2021)","Connecticut River Watershed, northwest Connecticut, USA",Connecticut River (Thompsonville gauge),"temperate forested watershed, nested headwater-to-mainstem river network",145.6313,0.661,7.976,24.51,-1.176,1.837,Nested forested drainage network (predominantly forested catchment); Connecticut River mainstem is partly reservoir-regulated (upstream reservoir release affected at least one sampling date),Surface runoff,"Aho et al. 2021.csv per-site-day aggregates, QA-filtered to physically valid days (GPP>=0 & ER<=0; n_valid=67/67 total site-days with both estimates -- no sign-flip days at this site) (n=67). GPP_O2=20.891, ER_O2=-17.754 gO2/m2/d. GPP_C=GPP_O2*12/32=7.834; ER_C=|ER|*12/32*1.0 (RQ=1.0)=6.658 gC/m2/d. Internal=ER_C-GPP_C; External=CO2_flux-Internal. pH: mean of 34 daily values. Temperature_C: mean of 67 daily WaterTemp_C values. Discharge: mean of 67 daily values, Q_cfs x0.0283168466 = m3/s. CO2_flux: Fick's law, kCO2=K600.daily x(ScCO2(T)/600)^-0.5 [Wanninkhof 1992 Schmidt polynomial] x(CO2_uM-CO2sat_uM) x1e-3 x12 = gC/m2/d, mean of 67 valid site-days. FLAG: NET_AUTO, BACKCALC","Aho et al. 2021.csv (per-site hourly time series w/ daily streamMetabolizer GPP/ER/K600, EDI repository doi:10.6073/pasta/68cfcebdede8d3a671cd426a1252f255)",Temperate,120.9
10.1002/lol2.10195,"(Aho et al., 2021)","Connecticut River Watershed, northwest Connecticut, USA",Farmington River (Unionville gauge),"temperate forested watershed, nested headwater-to-mainstem river network",8.9434,1.854,7.645,19.44,1.383,0.471,Nested forested drainage network (predominantly forested catchment); free-flowing tributary,Surface runoff,"Aho et al. 2021.csv per-site-day aggregates, QA-filtered to physically valid days (GPP>=0 & ER<=0; n_valid=70/144 total site-days with both estimates -- raw data include streamMetabolizer sign-flip days, common failure mode on noisy diel O2 signals, excluded per standard QA) (n=70). GPP_O2=7.462, ER_O2=-11.150 gO2/m2/d. GPP_C=GPP_O2*12/32=2.798; ER_C=|ER|*12/32*1.0 (RQ=1.0)=4.181 gC/m2/d. Internal=ER_C-GPP_C; External=CO2_flux-Internal. pH: mean of 110 daily values. Temperature_C: mean of 110 daily WaterTemp_C values. Discharge: mean of 144 daily values, Q_cfs x0.0283168466 = m3/s. CO2_flux: Fick's law, kCO2=K600.daily x(ScCO2(T)/600)^-0.5 [Wanninkhof 1992 Schmidt polynomial] x(CO2_uM-CO2sat_uM) x1e-3 x12 = gC/m2/d, mean of 91 valid site-days. FLAG: BACKCALC","Aho et al. 2021.csv (per-site hourly time series w/ daily streamMetabolizer GPP/ER/K600, EDI repository doi:10.6073/pasta/68cfcebdede8d3a671cd426a1252f255)",Temperate,120.9
10.1002/lol2.10195,"(Aho et al., 2021)","Connecticut River Watershed, northwest Connecticut, USA",Hubbard River,"temperate forested watershed, nested headwater-to-mainstem river network",0.7485,1.528,6.665,14.92,0.495,1.033,Nested forested drainage network (predominantly forested catchment); free-flowing headwater tributary,Surface runoff,"Aho et al. 2021.csv per-site-day aggregates, QA-filtered to physically valid days (GPP>=0 & ER<=0; n_valid=52/202 total site-days with both estimates -- raw data include streamMetabolizer sign-flip days, common failure mode on noisy diel O2 signals, excluded per standard QA) (n=52). GPP_O2=3.538, ER_O2=-4.858 gO2/m2/d. GPP_C=GPP_O2*12/32=1.327; ER_C=|ER|*12/32*1.0 (RQ=1.0)=1.822 gC/m2/d. Internal=ER_C-GPP_C; External=CO2_flux-Internal. pH: mean of 202 daily values. Temperature_C: mean of 202 daily WaterTemp_C values. Discharge: mean of 202 daily values, Q_cfs x0.0283168466 = m3/s. CO2_flux: Fick's law, kCO2=K600.daily x(ScCO2(T)/600)^-0.5 [Wanninkhof 1992 Schmidt polynomial] x(CO2_uM-CO2sat_uM) x1e-3 x12 = gC/m2/d, mean of 186 valid site-days. FLAG: BACKCALC","Aho et al. 2021.csv (per-site hourly time series w/ daily streamMetabolizer GPP/ER/K600, EDI repository doi:10.6073/pasta/68cfcebdede8d3a671cd426a1252f255)",Temperate,120.9
10.1002/lol2.10195,"(Aho et al., 2021)","Connecticut River Watershed, northwest Connecticut, USA",Nepaug River,"temperate forested watershed, nested headwater-to-mainstem river network",0.8531,0.982,6.824,15.29,1.617,-0.635,Nested forested drainage network (predominantly forested catchment); free-flowing headwater tributary,Surface runoff,"Aho et al. 2021.csv per-site-day aggregates, QA-filtered to physically valid days (GPP>=0 & ER<=0; n_valid=40/40 total site-days with both estimates -- no sign-flip days at this site) (n=40). GPP_O2=1.534, ER_O2=-5.846 gO2/m2/d. GPP_C=GPP_O2*12/32=0.575; ER_C=|ER|*12/32*1.0 (RQ=1.0)=2.192 gC/m2/d. Internal=ER_C-GPP_C; External=CO2_flux-Internal. pH: mean of 203 daily values. Temperature_C: mean of 203 daily WaterTemp_C values. Discharge: mean of 207 daily values, Q_cfs x0.0283168466 = m3/s. CO2_flux: Fick's law, kCO2=K600.daily x(ScCO2(T)/600)^-0.5 [Wanninkhof 1992 Schmidt polynomial] x(CO2_uM-CO2sat_uM) x1e-3 x12 = gC/m2/d, mean of 40 valid site-days. FLAG: BACKCALC","Aho et al. 2021.csv (per-site hourly time series w/ daily streamMetabolizer GPP/ER/K600, EDI repository doi:10.6073/pasta/68cfcebdede8d3a671cd426a1252f255)",Temperate,120.9
10.1002/lol2.10195,"(Aho et al., 2021)","Connecticut River Watershed, northwest Connecticut, USA",Phelps Brook,"temperate forested watershed, nested headwater-to-mainstem river network",0.0257,4.633,6.642,16.69,4.669,-0.036,Nested forested drainage network (predominantly forested catchment); free-flowing headwater tributary,Surface runoff,"Aho et al. 2021.csv per-site-day aggregates, QA-filtered to physically valid days (GPP>=0 & ER<=0; n_valid=78/176 total site-days with both estimates -- raw data include streamMetabolizer sign-flip days, common failure mode on noisy diel O2 signals, excluded per standard QA) (n=78). GPP_O2=0.567, ER_O2=-13.019 gO2/m2/d. GPP_C=GPP_O2*12/32=0.213; ER_C=|ER|*12/32*1.0 (RQ=1.0)=4.882 gC/m2/d. Internal=ER_C-GPP_C; External=CO2_flux-Internal. pH: mean of 149 daily values. Temperature_C: mean of 170 daily WaterTemp_C values. Discharge: mean of 178 daily values, Q_cfs x0.0283168466 = m3/s. CO2_flux: Fick's law, kCO2=K600.daily x(ScCO2(T)/600)^-0.5 [Wanninkhof 1992 Schmidt polynomial] x(CO2_uM-CO2sat_uM) x1e-3 x12 = gC/m2/d, mean of 154 valid site-days. FLAG: BACKCALC","Aho et al. 2021.csv (per-site hourly time series w/ daily streamMetabolizer GPP/ER/K600, EDI repository doi:10.6073/pasta/68cfcebdede8d3a671cd426a1252f255)",Temperate,120.9
10.1002/lno.12226,"(Bernal et al., 2022)","Two third-order headwater streams (Fuirosos and Font del Regàs) in the La Tordera granitic catchment, Catalonia, NE Spain",Font del Regas (perennial),"Mediterranean forested headwater, non-perennial stream",0.05536,6.78,6.5,13.71,3.767,3.013,"Spring-fed, groundwater-gaining stream; perennial flow sustained by significant lateral groundwater inputs along the mainstem",Groundwater-fed,"Bernal Supplement.xlsx 'output streamMetabolizer REGAS' sheet, per-site daily values (Q/GPP.mean/ER.mean); CO2_flux from 'Fig4 Fig6 Table2 TableS4, etc' sheet total.c.mass (n=22); Temperature_C from 'input streamMetabolizer' sheet temp.water column (n=62). GPP_O2=0.207, ER_O2=-10.252 gO2/m2/d. GPP_C=GPP_O2*12/32=0.078; ER_C=|ER|*12/32*1.0 (RQ=1.0)=3.844 gC/m2/d. Internal=ER_C-GPP_C; External=CO2_flux-Internal. Q_L/s / 1000 = m3/s. GPP_O2/ER_O2 recomputed with our own RQ=1.0 from GPP.mean/ER.mean -- NOT the Fig4/Fig6 sheet's own gpp.c/er.c.abs columns (those use the paper's internal RQ assumption, and that sheet's gpp.o/er.o.neg columns are incomplete). FLAG: BACKCALC","Bernal Supplement.xlsx, 'output streamMetabolizer REGAS' sheet (GPP/ER/Q) + 'Fig4 Fig6 Table2 TableS4, etc' sheet (CO2 flux)",Mediterranean,92.5
10.1002/lno.12226,"(Bernal et al., 2022)","Two third-order headwater streams (Fuirosos and Font del Regàs) in the La Tordera granitic catchment, Catalonia, NE Spain",Fuirosos (non-perennial),"Mediterranean forested headwater, non-perennial stream",0.00198,2.569,6.5,16.64,1.099,1.47,Spring-fed but seasonally losing/intermittent; stream loses water to riparian groundwater and surface flow ceases for several months in summer,Groundwater-fed,"Bernal Supplement.xlsx 'output streamMetabolizer FUI' sheet, per-site daily values (Q/GPP.mean/ER.mean); CO2_flux from 'Fig4 Fig6 Table2 TableS4, etc' sheet total.c.mass (n=47); Temperature_C from 'input streamMetabolizer' sheet temp.water column (n=46). GPP_O2=0.336, ER_O2=-3.265 gO2/m2/d. GPP_C=GPP_O2*12/32=0.126; ER_C=|ER|*12/32*1.0 (RQ=1.0)=1.224 gC/m2/d. Internal=ER_C-GPP_C; External=CO2_flux-Internal. Q_L/s / 1000 = m3/s. GPP_O2/ER_O2 recomputed with our own RQ=1.0 from GPP.mean/ER.mean -- NOT the Fig4/Fig6 sheet's own gpp.c/er.c.abs columns (those use the paper's internal RQ assumption, and that sheet's gpp.o/er.o.neg columns are incomplete). FLAG: BACKCALC","Bernal Supplement.xlsx, 'output streamMetabolizer FUI' sheet (GPP/ER/Q) + 'Fig4 Fig6 Table2 TableS4, etc' sheet (CO2 flux)",Mediterranean,90
10.1029/2022JG007048,"(Carter et al., 2022)","New Hope Creek, North Carolina Piedmont, USA — an 8.5 km third-order forested stream reach within the Duke Forest in Durham and Orange Counties, NC",CBP,"temperate forested low-gradient headwater stream, North Carolina Piedmont",0.849,0.673,7.167,9.96,0.712,-0.039,"Groundwater-influenced, gaining/losing baseflow stream; low-gradient, fully forested Piedmont stream with reach-scale groundwater exchange along New Hope Creek",Mixed,"Carter Supplement.csv per-site means (n_pH=10). Distance upstream=3450 m (n=9). GPP_O2=0.466, ER_O2=2.365 gO2/m2/d. GPP_C=GPP_O2*12/32=0.175; ER_C=|ER|*12/32*1.0 (RQ=1.0)=0.887 gC/m2/d. Internal=ER_C-GPP_C; External=CO2_flux-Internal. CO2_flux_paper (g CO2/m2/d) x12/44 = g C/m2/d. FLAG: BACKCALC",Carter Supplement.csv (per-site high-frequency sensor table),Temperate,118.6
10.1029/2022JG007048,"(Carter et al., 2022)","New Hope Creek, North Carolina Piedmont, USA — an 8.5 km third-order forested stream reach within the Duke Forest in Durham and Orange Counties, NC",NHC,"temperate forested low-gradient headwater stream, North Carolina Piedmont",0.694,0.568,7.267,10.81,0.249,0.319,"Groundwater-influenced, gaining/losing baseflow stream; low-gradient, fully forested Piedmont stream with reach-scale groundwater exchange along New Hope Creek",Mixed,"Carter Supplement.csv per-site means (n_pH=7). Distance upstream=0 m (n=8). GPP_O2=1.043, ER_O2=1.708 gO2/m2/d. GPP_C=GPP_O2*12/32=0.391; ER_C=|ER|*12/32*1.0 (RQ=1.0)=0.640 gC/m2/d. Internal=ER_C-GPP_C; External=CO2_flux-Internal. CO2_flux_paper (g CO2/m2/d) x12/44 = g C/m2/d. FLAG: BACKCALC",Carter Supplement.csv (per-site high-frequency sensor table),Temperate,118.6
10.1029/2022JG007048,"(Carter et al., 2022)","New Hope Creek, North Carolina Piedmont, USA — an 8.5 km third-order forested stream reach within the Duke Forest in Durham and Orange Counties, NC",PM,"temperate forested low-gradient headwater stream, North Carolina Piedmont",0.964,0.557,7.19,9.44,0.719,-0.162,"Groundwater-influenced, gaining/losing baseflow stream; low-gradient, fully forested Piedmont stream with reach-scale groundwater exchange along New Hope Creek",Mixed,"Carter Supplement.csv per-site means (n_pH=9). Distance upstream=1570 m (n=9). GPP_O2=0.441, ER_O2=2.359 gO2/m2/d. GPP_C=GPP_O2*12/32=0.165; ER_C=|ER|*12/32*1.0 (RQ=1.0)=0.885 gC/m2/d. Internal=ER_C-GPP_C; External=CO2_flux-Internal. CO2_flux_paper (g CO2/m2/d) x12/44 = g C/m2/d. FLAG: BACKCALC",Carter Supplement.csv (per-site high-frequency sensor table),Temperate,118.6
10.1029/2022JG007048,"(Carter et al., 2022)","New Hope Creek, North Carolina Piedmont, USA — an 8.5 km third-order forested stream reach within the Duke Forest in Durham and Orange Counties, NC",UNHC,"temperate forested low-gradient headwater stream, North Carolina Piedmont",0.838,0.726,7.428,10.91,0.885,-0.159,"Groundwater-influenced, gaining/losing baseflow stream; low-gradient, fully forested Piedmont stream with reach-scale groundwater exchange along New Hope Creek",Mixed,"Carter Supplement.csv per-site means (n_pH=7). Distance upstream=8450 m (n=8). GPP_O2=1.080, ER_O2=3.440 gO2/m2/d. GPP_C=GPP_O2*12/32=0.405; ER_C=|ER|*12/32*1.0 (RQ=1.0)=1.290 gC/m2/d. Internal=ER_C-GPP_C; External=CO2_flux-Internal. CO2_flux_paper (g CO2/m2/d) x12/44 = g C/m2/d. FLAG: BACKCALC",Carter Supplement.csv (per-site high-frequency sensor table),Temperate,118.6
10.1029/2022JG007048,"(Carter et al., 2022)","New Hope Creek, North Carolina Piedmont, USA — an 8.5 km third-order forested stream reach within the Duke Forest in Durham and Orange Counties, NC",WB,"temperate forested low-gradient headwater stream, North Carolina Piedmont",0.891,0.682,7.224,10.26,0.539,0.143,"Groundwater-influenced, gaining/losing baseflow stream; low-gradient, fully forested Piedmont stream with reach-scale groundwater exchange along New Hope Creek",Mixed,"Carter Supplement.csv per-site means (n_pH=10). Distance upstream=5950 m (n=11). GPP_O2=0.787, ER_O2=2.226 gO2/m2/d. GPP_C=GPP_O2*12/32=0.295; ER_C=|ER|*12/32*1.0 (RQ=1.0)=0.835 gC/m2/d. Internal=ER_C-GPP_C; External=CO2_flux-Internal. CO2_flux_paper (g CO2/m2/d) x12/44 = g C/m2/d. FLAG: BACKCALC",Carter Supplement.csv (per-site high-frequency sensor table),Temperate,118.6
10.1029/2022JG007048,"(Carter et al., 2022)","New Hope Creek, North Carolina Piedmont, USA — an 8.5 km third-order forested stream reach within the Duke Forest in Durham and Orange Counties, NC",WBP,"temperate forested low-gradient headwater stream, North Carolina Piedmont",0.887,0.623,7.129,10.27,0.509,0.114,"Groundwater-influenced, gaining/losing baseflow stream; low-gradient, fully forested Piedmont stream with reach-scale groundwater exchange along New Hope Creek",Mixed,"Carter Supplement.csv per-site means (n_pH=10). Distance upstream=6120 m (n=11). GPP_O2=0.670, ER_O2=2.027 gO2/m2/d. GPP_C=GPP_O2*12/32=0.251; ER_C=|ER|*12/32*1.0 (RQ=1.0)=0.760 gC/m2/d. Internal=ER_C-GPP_C; External=CO2_flux-Internal. CO2_flux_paper (g CO2/m2/d) x12/44 = g C/m2/d. FLAG: BACKCALC",Carter Supplement.csv (per-site high-frequency sensor table),Temperate,118.6
10.1002/lno.70016,"(Diamond et al., 2025)","Loire River at Dampierre (47.6N, 2.6E), France, ~10 km study reach, 35,500 km2 catchment",1990-2022 (whole record),"large temperate alkaline lowland river, calcareous bedrock (same site as Nguyen et al. 2025)",300,1.092,8.2,13.3,0.348,0.744,"Large lowland regulated river; ~10 km reach on calcareous bedrock (high alkalinity), discharge managed via upstream hydropower regulation (EDF)",Mixed,"Median daily FCO2=91 mmol C/m2/d (IQR 6.6-262) and median daily NEP=-29 mmol C/m2/d (IQR -130 to 53), whole-record 1990-2022 (Results 'Regular, but small negative internal CO2 production') -- NOT the Table 1 per-trophlux-sub-state breakdown (see code comment: no paper-computed whole-river-per-regime aggregate exists to use instead). Both already carbon-referenced via the paper's own explicit 1:1 O2:C conversion (Methods: no prior PQ/RQ evidence, so 1:1 assumed) -- NOT re-run through this pipeline's RQ=1.0 formula. CO2_flux=1.092, Internal_Pathway=-NEP=0.348 gC/m2/d (mmol/m2/d x12/1000). External_Pathway=CO2_flux-Internal=0.744 gC/m2/d (BACKCALC). Discharge = mean 300 m3/s (median 200 m3/s), Study site. pH and Temperature_C NOT REPORTED: this paper draws on the same EDF-proprietary hourly pH/temperature dataset as Nguyen et al. 2025 (whose own paper DOES state a per-decade mean temperature from the same site, ~13-14C, Table 1) -- but Diamond's own text gives no numeric mean/median for either variable, only relative statements (e.g. 'pH was typically an entire unit lower' between trophlux states). Temperature_C=13.3: this paper's own text gives no numeric mean/median water temperature, but a user-supplied reference document ('Temp for Diamond 2025.docx', Fig. S1c) shows the same Dampierre-site hourly water temperature series (~1993-2019) oscillating between ~0-5C (winter) and ~25-30C (summer) with no visible long-term trend -- consistent with Nguyen et al. 2025's own published per-decade means (13, 13, 14C) for the identical site/dataset. Value used here is the record-length-weighted average of Nguyen's three decade means (11yr@13 + 10yr@13 + 11yr@14)/32 = 13.3C, since Diamond's own text/figure doesn't provide a single citable number directly.","Results 'Regular, but small negative internal CO2 production' + Table 1 (context) + Methods 'Study site', Diamond et al. 2025",Temperate,66
10.1029/2018JG004912,"(Duvert et al., 2019)","Northern Territory, Australia (Daly River, 47,100 km2 catchment; Howard River, 130 km2 catchment)",Daly River,"tropical savanna river, seasonal wet/dry tropics",24,8.5,7.94,27.5,1.8,6.7,Groundwater/baseflow-fed; dry-season flow dominated by a mixture of shallow local sandstone and deeper regional carbonate aquifers,Mixed,"Table 2 (mass-balance CO2 evasion flux) + section 4.2 (GW-derived CO2* length-weighted mean) + section 3.3 (pH) + section 3.1 (discharge range, midpoint used), hand-verified from PDF. Internal = CO2_evasion_flux - GW_CO2_flux = 8.5 - 6.7 = 1.800 gC/m2/d (222Rn-derived groundwater mass balance, paper's own method, not the GPP/ER RQ formula -- unaffected by the RQ setting above). External = GW_CO2_flux = 6.7 gC/m2/d. Temperature_C NOT REPORTED: no numeric mean water temperature found anywhere in the accessible text. Temperature_C=27.50: mean of Table S1 per-site T values (D1-D10) from user-supplied 'duvert temp.docx' (converted embedded Table S1 image), replacing the earlier NOT REPORTED.","Table 2 + Results sections 3.1, 3.3, 4.2, Duvert et al. 2019",Tropical,103.6
10.1029/2018JG004912,"(Duvert et al., 2019)","Northern Territory, Australia (Daly River, 47,100 km2 catchment; Howard River, 130 km2 catchment)",Howard River,"tropical savanna river, seasonal wet/dry tropics",0.105,2.3,6.85,26.51,0.6,1.7,"Groundwater/baseflow-fed; shallow sandstone aquifer supplies upstream reaches, deeper dolomite aquifer contributes downstream (~10% of annual rainfall reaches the water table)",Mixed,"Table 2 (mass-balance CO2 evasion flux) + section 4.2 (GW-derived CO2* length-weighted mean) + section 3.3 (pH) + section 3.1 (discharge range, midpoint used), hand-verified from PDF. Internal = CO2_evasion_flux - GW_CO2_flux = 2.3 - 1.7 = 0.600 gC/m2/d (222Rn-derived groundwater mass balance, paper's own method, not the GPP/ER RQ formula -- unaffected by the RQ setting above). External = GW_CO2_flux = 1.7 gC/m2/d. Temperature_C NOT REPORTED: no numeric mean water temperature found anywhere in the accessible text. Temperature_C=26.51: mean of Table S1 per-site T values (H1-H9) from user-supplied 'duvert temp.docx' (converted embedded Table S1 image), replacing the earlier NOT REPORTED.","Table 2 + Results sections 3.1, 3.3, 4.2, Duvert et al. 2019",Tropical,172.6
10.1016/j.ecolind.2021.108136,"(Gong et al., 2021)","Yankou Reservoir Catchment (53.5 km2) and Tianmu Lake Catchment (150 km2), Changjiang River headwaters, Zhejiang/Jiangsu, Southeastern China","5 headwater streams (HSX, SH, JFZ, XS, ZT), pooled","subtropical monsoon headwater streams, mountainous/agricultural catchments (mixed carbonate and silicate weathering lithology)",0.83,4.247,8.1,NOT REPORTED,0.47,3.777,Monsoon rainfall-fed mountain headwater streams; subtropical monsoon climate with precipitation concentrated May-September (no explicit groundwater/karst contribution reported),Surface runoff,"GPP=1.52, ER=-1.99, NEP=-0.47 gC/m2/d -- paper's own already-carbon-referenced whole-study values (Conclusions; cross-checked against docx supplement Table S1's mean+-95%CI). Internal_Pathway=-NEP=0.470 gC/m2/d (NOT re-run through this pipeline's RQ=1.0 O2-based formula -- would double-convert). CO2_flux = 1550 +/- 1281 gC/m2/yr (day+night averaged emission rate, Conclusions) /365 = 4.247 gC/m2/d. External_Pathway = CO2_flux - Internal = 3.777 gC/m2/d (BACKCALC). Discharge = 0.83 m3/s (docx supplement Table S1 mean, 95% CI 0.46-1.2). pH = 8.10, midpoint of the combined daytime (7.05-9.22) / nighttime (6.98-9.12) range stated in Results 3.1 -- no single mean/median pH value given in the accessible text, so this is a range midpoint, not a true mean (same convention as Lupon et al. 2019's discharge in this pipeline). Temperature_C NOT REPORTED: only a regional annual air-temperature climate figure is given (17C in YRC, 17.5C in TLC; Study area), not a stream water temperature measurement. Table 2 (per-site GPP/ER/HR/NEP/pCO2 results) could not be reliably attributed to individual sites due to PDF table-extraction corruption -- see code comment.","Conclusions + docx supplement Table S1 (whole-study means), Gong et al. 2021",Subtropical,139.4
10.1029/2019JG005047,"(Horgby et al., 2019)","Vallon de Nant catchment (13.4 km2), Swiss Alps",Autumn,Alpine nivo-glacial headwater stream network,0.14,22.499,8.089,3.74,1.249,22.499,"Nivo-glacial catchment; groundwater-dominated baseflow (~55-66%) via springs, glacial/snowmelt input receding",Groundwater-fed,"pH and Temperature_C: mean of 47 main-channel supplement samples for this season (Horgby-et-al-Supplementary-data.xlsx, 'Streamwater data' sheet; season parsed from ID prefix). Discharge: paper's own seasonal mainstem average (Results 3.1, n=46 sampling sites this season per Table 2). CO2_flux: paper's own areal CO2 evasion flux average across the stream network (Results 3.5/Table 5) = 21.7 umol C/m2/s x 12 x 86400/1e6 = 22.499 gC/m2/d (from the Ulseth et al. 2019 gas-transfer-velocity model, not recomputed here). External_Pathway = CO2_flux (100%): Results 3.4's isotope mixing model partitions the ENTIRE streamwater CO2 source between soil respiration (50% this season) and carbonate mineral weathering (remainder) -- both delivered via groundwater from outside the stream, so both count as External under this pipeline's definition (correcting an earlier version of this recipe that mislabeled the carbonate-weathering share as 'Internal'). Internal_Pathway UPDATED (user instruction): the Discussion (p.1972) separately tests genuine in-stream ecosystem respiration via a DOC/d13C-DIC mass-balance sensitivity check and concludes it 'contributed only marginally' (DOC-fueled respiration could explain at most ~0.14 permil of isotopic enrichment, requiring an implausible 86.4% DOC increase to fully explain the observed shift), 'in general agreement' with results from Hotchkiss et al. (2015)'s continental-scale synthesis of U.S. streams -- but the paper itself never converts this into a flux value. Per user instruction, Internal_Pathway is instead estimated by log-linear interpolation (on log10 discharge) of Hotchkiss et al. (2015)'s discharge-vs-internal(ecosystem-respiration)-CO2-flux relationship (table digitized in C:/Dissertation/03_Scripts/Streams/figures/meta analysis.R), evaluated at this season's mean discharge (Q=0.14 m3/s): internal = 1.249 gC/m2/d. This is a literature-derived proxy, NOT a value reported by Horgby et al. themselves, and is NOT subtracted from External_Pathway (which remains Horgby's own isotope-based 100% partition per Results 3.4) -- Internal+External therefore exceeds CO2_flux by this proxy amount, flagged here rather than mass-balance-closed.","Table 2 (sampling n) + supplement xlsx (pH) + Results 3.1 (discharge) + Results 3.5/Table 5 (CO2 evasion flux) + Results 3.4 (source apportionment %) + Discussion p.1972 (in-stream respiration sensitivity check), Horgby et al. 2019",Alpine,185
10.1029/2019JG005047,"(Horgby et al., 2019)","Vallon de Nant catchment (13.4 km2), Swiss Alps",Spring,Alpine nivo-glacial headwater stream network,0.97,50.7,8.223,5.36,1.209,50.7,"Nivo-glacial catchment; groundwater-dominated baseflow (~55-66%) via springs, seasonal snowpack melt onset",Groundwater-fed,"pH and Temperature_C: mean of 32 main-channel supplement samples for this season (Horgby-et-al-Supplementary-data.xlsx, 'Streamwater data' sheet; season parsed from ID prefix). Discharge: paper's own seasonal mainstem average (Results 3.1, n=49 sampling sites this season per Table 2). CO2_flux: paper's own areal CO2 evasion flux average across the stream network (Results 3.5/Table 5) = 48.9 umol C/m2/s x 12 x 86400/1e6 = 50.700 gC/m2/d (from the Ulseth et al. 2019 gas-transfer-velocity model, not recomputed here). External_Pathway = CO2_flux (100%): Results 3.4's isotope mixing model partitions the ENTIRE streamwater CO2 source between soil respiration (74% this season) and carbonate mineral weathering (remainder) -- both delivered via groundwater from outside the stream, so both count as External under this pipeline's definition (correcting an earlier version of this recipe that mislabeled the carbonate-weathering share as 'Internal'). Internal_Pathway UPDATED (user instruction): the Discussion (p.1972) separately tests genuine in-stream ecosystem respiration via a DOC/d13C-DIC mass-balance sensitivity check and concludes it 'contributed only marginally' (DOC-fueled respiration could explain at most ~0.14 permil of isotopic enrichment, requiring an implausible 86.4% DOC increase to fully explain the observed shift), 'in general agreement' with results from Hotchkiss et al. (2015)'s continental-scale synthesis of U.S. streams -- but the paper itself never converts this into a flux value. Per user instruction, Internal_Pathway is instead estimated by log-linear interpolation (on log10 discharge) of Hotchkiss et al. (2015)'s discharge-vs-internal(ecosystem-respiration)-CO2-flux relationship (table digitized in C:/Dissertation/03_Scripts/Streams/figures/meta analysis.R), evaluated at this season's mean discharge (Q=0.97 m3/s): internal = 1.209 gC/m2/d. This is a literature-derived proxy, NOT a value reported by Horgby et al. themselves, and is NOT subtracted from External_Pathway (which remains Horgby's own isotope-based 100% partition per Results 3.4) -- Internal+External therefore exceeds CO2_flux by this proxy amount, flagged here rather than mass-balance-closed.","Table 2 (sampling n) + supplement xlsx (pH) + Results 3.1 (discharge) + Results 3.5/Table 5 (CO2 evasion flux) + Results 3.4 (source apportionment %) + Discussion p.1972 (in-stream respiration sensitivity check), Horgby et al. 2019",Alpine,185
10.1029/2019JG005047,"(Horgby et al., 2019)","Vallon de Nant catchment (13.4 km2), Swiss Alps",Summer,Alpine nivo-glacial headwater stream network,0.23,18.455,7.997,6.36,1.315,18.455,"Nivo-glacial catchment; glacial meltwater dominant (up to ~92% at glacier-proximal reaches), reduced groundwater fraction",Glacial/snow melt,"pH and Temperature_C: mean of 61 main-channel supplement samples for this season (Horgby-et-al-Supplementary-data.xlsx, 'Streamwater data' sheet; season parsed from ID prefix). Discharge: paper's own seasonal mainstem average (Results 3.1, n=61 sampling sites this season per Table 2). CO2_flux: paper's own areal CO2 evasion flux average across the stream network (Results 3.5/Table 5) = 17.8 umol C/m2/s x 12 x 86400/1e6 = 18.455 gC/m2/d (from the Ulseth et al. 2019 gas-transfer-velocity model, not recomputed here). External_Pathway = CO2_flux (100%): Results 3.4's isotope mixing model partitions the ENTIRE streamwater CO2 source between soil respiration (67% this season) and carbonate mineral weathering (remainder) -- both delivered via groundwater from outside the stream, so both count as External under this pipeline's definition (correcting an earlier version of this recipe that mislabeled the carbonate-weathering share as 'Internal'). Internal_Pathway UPDATED (user instruction): the Discussion (p.1972) separately tests genuine in-stream ecosystem respiration via a DOC/d13C-DIC mass-balance sensitivity check and concludes it 'contributed only marginally' (DOC-fueled respiration could explain at most ~0.14 permil of isotopic enrichment, requiring an implausible 86.4% DOC increase to fully explain the observed shift), 'in general agreement' with results from Hotchkiss et al. (2015)'s continental-scale synthesis of U.S. streams -- but the paper itself never converts this into a flux value. Per user instruction, Internal_Pathway is instead estimated by log-linear interpolation (on log10 discharge) of Hotchkiss et al. (2015)'s discharge-vs-internal(ecosystem-respiration)-CO2-flux relationship (table digitized in C:/Dissertation/03_Scripts/Streams/figures/meta analysis.R), evaluated at this season's mean discharge (Q=0.23 m3/s): internal = 1.315 gC/m2/d. This is a literature-derived proxy, NOT a value reported by Horgby et al. themselves, and is NOT subtracted from External_Pathway (which remains Horgby's own isotope-based 100% partition per Results 3.4) -- Internal+External therefore exceeds CO2_flux by this proxy amount, flagged here rather than mass-balance-closed.","Table 2 (sampling n) + supplement xlsx (pH) + Results 3.1 (discharge) + Results 3.5/Table 5 (CO2 evasion flux) + Results 3.4 (source apportionment %) + Discussion p.1972 (in-stream respiration sensitivity check), Horgby et al. 2019",Alpine,185
10.1029/2019JG005047,"(Horgby et al., 2019)","Vallon de Nant catchment (13.4 km2), Swiss Alps",Winter,Alpine nivo-glacial headwater stream network,0.07,33.281,8.242,1.98,1.149,33.281,"Nivo-glacial catchment; groundwater-dominated baseflow (~55-66%) via springs, minimal snowmelt/glacial input",Groundwater-fed,"pH and Temperature_C: mean of 35 main-channel supplement samples for this season (Horgby-et-al-Supplementary-data.xlsx, 'Streamwater data' sheet; season parsed from ID prefix). Discharge: paper's own seasonal mainstem average (Results 3.1, n=35 sampling sites this season per Table 2). CO2_flux: paper's own areal CO2 evasion flux average across the stream network (Results 3.5/Table 5) = 32.1 umol C/m2/s x 12 x 86400/1e6 = 33.281 gC/m2/d (from the Ulseth et al. 2019 gas-transfer-velocity model, not recomputed here). External_Pathway = CO2_flux (100%): Results 3.4's isotope mixing model partitions the ENTIRE streamwater CO2 source between soil respiration (58% this season) and carbonate mineral weathering (remainder) -- both delivered via groundwater from outside the stream, so both count as External under this pipeline's definition (correcting an earlier version of this recipe that mislabeled the carbonate-weathering share as 'Internal'). Internal_Pathway UPDATED (user instruction): the Discussion (p.1972) separately tests genuine in-stream ecosystem respiration via a DOC/d13C-DIC mass-balance sensitivity check and concludes it 'contributed only marginally' (DOC-fueled respiration could explain at most ~0.14 permil of isotopic enrichment, requiring an implausible 86.4% DOC increase to fully explain the observed shift), 'in general agreement' with results from Hotchkiss et al. (2015)'s continental-scale synthesis of U.S. streams -- but the paper itself never converts this into a flux value. Per user instruction, Internal_Pathway is instead estimated by log-linear interpolation (on log10 discharge) of Hotchkiss et al. (2015)'s discharge-vs-internal(ecosystem-respiration)-CO2-flux relationship (table digitized in C:/Dissertation/03_Scripts/Streams/figures/meta analysis.R), evaluated at this season's mean discharge (Q=0.07 m3/s): internal = 1.149 gC/m2/d. This is a literature-derived proxy, NOT a value reported by Horgby et al. themselves, and is NOT subtracted from External_Pathway (which remains Horgby's own isotope-based 100% partition per Results 3.4) -- Internal+External therefore exceeds CO2_flux by this proxy amount, flagged here rather than mass-balance-closed.","Table 2 (sampling n) + supplement xlsx (pH) + Results 3.1 (discharge) + Results 3.5/Table 5 (CO2 evasion flux) + Results 3.4 (source apportionment %) + Discussion p.1972 (in-stream respiration sensitivity check), Horgby et al. 2019",Alpine,185
10.1016/j.jhydrol.2014.03.070,"(Khadka et al., 2014)","Santa Fe River watershed (~3585 km2), north-central Florida, USA",Lower_SFR,subtropical karst river,NOT REPORTED,1.101,7.38,NOT REPORTED,0.551,0.551,"Spring-fed, unconfined karst aquifer; numerous first-magnitude springs (>2.8 m3/s) are the primary water source, river re-emerges from underground conduits at River Rise",Groundwater-fed,"Table 2 day-weighted annual CO2 degassing rate (402 gC/m2/yr) / 365 = 1.101 gC/m2/d, lower Santa Fe River (unconfined, spring-fed Floridan aquifer karst; sites River Rise, 2500, 2700 [Ichetucknee River], 2800). pH = unweighted mean of Table 1's per-site-per-flow-regime means across the 4 sites in this reach section (low/high/flood x 4 sites = 12 values). Discharge NOT REPORTED (not tabulated per-site in accessible text). Temperature_C NOT REPORTED: only a regional annual air-temperature climate figure (20.4C) is given (Introduction/Study site), not a stream water temperature measurement. Internal_Pathway/External_Pathway UPDATED (user instruction): per user direction, External_Pathway = CO2 sourced by bicarbonate/carbonate mineral dissolution; Internal_Pathway = the remainder. This paper has no in-stream GPP/ER/NEP metabolism data -- it partitions DIC geochemically via delta13C-DIC into biogenic (soil-respired) vs. geogenic (carbonate-dissolution) origins, a different framework than the Internal(metabolism)/External(groundwater) split used elsewhere in this meta-analysis, applied here per explicit instruction rather than the pipeline's default convention. Discussion 4.1: in the carbonate-dominated lower basin, 'up to half of the DIC may originate from carbonate minerals' because 'half of the DIC originates from the enriched carbonate (d13CDIC ~0 permil) during the dissolution reaction' -- treated here as 50%. External = 0.50 x CO2_flux (1.101) = 0.551 gC/m2/d; Internal = remainder = 0.551 gC/m2/d.","Table 2 (CO2 degassing) + Table 1 (pH), Khadka et al. 2014",Subtropical,140
10.1016/j.jhydrol.2014.03.070,"(Khadka et al., 2014)","Santa Fe River watershed (~3585 km2), north-central Florida, USA",Upper_SFR,subtropical karst river,NOT REPORTED,3.167,6.3,NOT REPORTED,3.167,0,"Confined aquifer; surface runoff and interflow producing DOC-rich tannic water, river disappears underground at River Sink",Surface runoff,"Table 2 day-weighted annual CO2 degassing rate (1156 gC/m2/yr) / 365 = 3.167 gC/m2/d, upper Santa Fe River (confined Floridan aquifer beneath Hawthorn Group; sites 700, 1000 [New River], 1500, River Sink). pH = unweighted mean of Table 1's per-site-per-flow-regime means across the 4 sites in this reach section (low/high/flood x 4 sites = 12 values). Discharge NOT REPORTED (not tabulated per-site in accessible text). Temperature_C NOT REPORTED: only a regional annual air-temperature climate figure (20.4C) is given (Introduction/Study site), not a stream water temperature measurement. Internal_Pathway/External_Pathway UPDATED (user instruction): per user direction, External_Pathway = CO2 sourced by bicarbonate/carbonate mineral dissolution; Internal_Pathway = the remainder. This paper has no in-stream GPP/ER/NEP metabolism data -- it partitions DIC geochemically via delta13C-DIC into biogenic (soil-respired) vs. geogenic (carbonate-dissolution) origins, a different framework than the Internal(metabolism)/External(groundwater) split used elsewhere in this meta-analysis, applied here per explicit instruction rather than the pipeline's default convention. Discussion 4.1 states the upper (siliciclastic) basin shows 'lack of carbonate rock-water interaction' -- i.e. no carbonate-dissolution contribution -- so External_Pathway = 0.000 gC/m2/d and Internal_Pathway = the full CO2_flux (3.167) as the remainder.","Table 2 (CO2 degassing) + Table 1 (pH), Khadka et al. 2014",Subtropical,140
10.1029/2022JG006954,"(Kirk & Cohen, 2023)","Santa Fe River network, north-central Florida, USA (southeastern coastal plain)",DRAIN,"subtropical lowland blackwater headwater stream, confined aquifer, extensive riparian wetlands",0.076,6.986,4.331,20.06,2.462,7.682,"Shallow perched groundwater routed through riparian wetlands; Hawthorne confining unit forces lateral groundwater through organic-rich riparian soils (blackwater, low pH, high DOC)",Wetland seepage,"Kirk all_daily_data.csv per-site daily values (n=146). GPP_O2=0.027, ER_O2=-6.592 gO2/m2/d. GPP_C=GPP_O2*12/32=0.010; ER_C=|ER|*12/32*1.0 (RQ=1.0)=2.472 gC/m2/d. Internal=ER_C-GPP_C; External=CO2_flux-Internal. External = RIP+TER+AQU directly from Kirk's own published mass-balance partition (RIP=5.354, TER=2.328, AQU=0.000 gC/m2/d; AQU=0 where not applicable/no spring input), per instructions section 8 -- NOT back-calculated as CO2_flux-Internal. CO2_flux = |fCO2| (Kirk's own modeled total evasion). Mass-balance residual (CO2_flux - (Internal+External)) = -3.158 gC/m2/d (Kirk's model also has an unassigned 'other' term not included here). Temperature_C = mean of temp.water column.",Kirk Supplement/all_daily_data.csv (per-site daily mass-balance model output),Subtropical,140
10.1029/2022JG006954,"(Kirk & Cohen, 2023)","Santa Fe River network, north-central Florida, USA (southeastern coastal plain)",ICHE,"subtropical lowland spring-fed karst river, unconfined aquifer, minimal riparian wetlands",9.963,4.55,7.153,21.82,-0.134,16.288,"Spring-fed, deep karst aquifer discharge bypassing riparian zone; confining unit eroded, discrete artesian Floridan springs dominate",Groundwater-fed,"Kirk all_daily_data.csv per-site daily values (n=233). GPP_O2=7.769, ER_O2=-7.412 gO2/m2/d. GPP_C=GPP_O2*12/32=2.913; ER_C=|ER|*12/32*1.0 (RQ=1.0)=2.779 gC/m2/d. Internal=ER_C-GPP_C; External=CO2_flux-Internal. External = RIP+TER+AQU directly from Kirk's own published mass-balance partition (RIP=0.500, TER=5.479, AQU=10.309 gC/m2/d; AQU=0 where not applicable/no spring input), per instructions section 8 -- NOT back-calculated as CO2_flux-Internal. CO2_flux = |fCO2| (Kirk's own modeled total evasion). Mass-balance residual (CO2_flux - (Internal+External)) = -11.604 gC/m2/d (Kirk's model also has an unassigned 'other' term not included here). Temperature_C = mean of temp.water column. FLAG: NET_AUTO",Kirk Supplement/all_daily_data.csv (per-site daily mass-balance model output),Subtropical,140
10.1029/2022JG006954,"(Kirk & Cohen, 2023)","Santa Fe River network, north-central Florida, USA (southeastern coastal plain)",SF1000,"subtropical lowland blackwater third-order stream, confined aquifer, extensive riparian wetlands",1.86,3.744,5.909,21.28,3.921,2.599,"Shallow perched groundwater routed through riparian wetlands; Hawthorne confining unit forces lateral groundwater through organic-rich riparian soils (blackwater, low pH, high DOC)",Wetland seepage,"Kirk all_daily_data.csv per-site daily values (n=192). GPP_O2=-0.228, ER_O2=-10.229 gO2/m2/d. GPP_C=GPP_O2*12/32=-0.086; ER_C=|ER|*12/32*1.0 (RQ=1.0)=3.836 gC/m2/d. Internal=ER_C-GPP_C; External=CO2_flux-Internal. External = RIP+TER+AQU directly from Kirk's own published mass-balance partition (RIP=2.211, TER=0.389, AQU=0.000 gC/m2/d; AQU=0 where not applicable/no spring input), per instructions section 8 -- NOT back-calculated as CO2_flux-Internal. CO2_flux = |fCO2| (Kirk's own modeled total evasion). Mass-balance residual (CO2_flux - (Internal+External)) = -2.776 gC/m2/d (Kirk's model also has an unassigned 'other' term not included here). Temperature_C = mean of temp.water column.",Kirk Supplement/all_daily_data.csv (per-site daily mass-balance model output),Subtropical,140
10.1029/2022JG006954,"(Kirk & Cohen, 2023)","Santa Fe River network, north-central Florida, USA (southeastern coastal plain)",SF1500,"subtropical lowland blackwater fourth-order stream, confined aquifer, extensive riparian wetlands",6.989,7.056,6.148,20.97,4.038,0.86,"Shallow perched groundwater routed through riparian wetlands; Hawthorne confining unit forces lateral groundwater through organic-rich riparian soils (blackwater, low pH, high DOC)",Wetland seepage,"Kirk all_daily_data.csv per-site daily values (n=224). GPP_O2=0.471, ER_O2=-11.237 gO2/m2/d. GPP_C=GPP_O2*12/32=0.176; ER_C=|ER|*12/32*1.0 (RQ=1.0)=4.214 gC/m2/d. Internal=ER_C-GPP_C; External=CO2_flux-Internal. External = RIP+TER+AQU directly from Kirk's own published mass-balance partition (RIP=0.707, TER=0.153, AQU=0.000 gC/m2/d; AQU=0 where not applicable/no spring input), per instructions section 8 -- NOT back-calculated as CO2_flux-Internal. CO2_flux = |fCO2| (Kirk's own modeled total evasion). Mass-balance residual (CO2_flux - (Internal+External)) = 2.158 gC/m2/d (Kirk's model also has an unassigned 'other' term not included here). Temperature_C = mean of temp.water column.",Kirk Supplement/all_daily_data.csv (per-site daily mass-balance model output),Subtropical,140
10.1029/2022JG006954,"(Kirk & Cohen, 2023)","Santa Fe River network, north-central Florida, USA (southeastern coastal plain)",SF2500,"subtropical lowland fifth-order river, unconfined karst aquifer, minimal riparian wetlands",43.757,8.185,7.061,22.1,2.225,31.179,"Spring-fed, deep karst aquifer discharge bypassing riparian zone; confining unit eroded, discrete artesian Floridan springs dominate",Groundwater-fed,"Kirk all_daily_data.csv per-site daily values (n=154). GPP_O2=5.427, ER_O2=-11.361 gO2/m2/d. GPP_C=GPP_O2*12/32=2.035; ER_C=|ER|*12/32*1.0 (RQ=1.0)=4.260 gC/m2/d. Internal=ER_C-GPP_C; External=CO2_flux-Internal. External = RIP+TER+AQU directly from Kirk's own published mass-balance partition (RIP=1.310, TER=7.054, AQU=22.815 gC/m2/d; AQU=0 where not applicable/no spring input), per instructions section 8 -- NOT back-calculated as CO2_flux-Internal. CO2_flux = |fCO2| (Kirk's own modeled total evasion). Mass-balance residual (CO2_flux - (Internal+External)) = -25.219 gC/m2/d (Kirk's model also has an unassigned 'other' term not included here). Temperature_C = mean of temp.water column.",Kirk Supplement/all_daily_data.csv (per-site daily mass-balance model output),Subtropical,140
10.1029/2022JG006954,"(Kirk & Cohen, 2023)","Santa Fe River network, north-central Florida, USA (southeastern coastal plain)",SF2800,"subtropical lowland fifth-order river, unconfined karst aquifer, minimal riparian wetlands",59.706,5.483,7.241,20.55,2.873,1.277,"Spring-fed, deep karst aquifer discharge bypassing riparian zone; confining unit eroded, discrete artesian Floridan springs dominate",Groundwater-fed,"Kirk all_daily_data.csv per-site daily values (n=82). GPP_O2=1.381, ER_O2=-9.041 gO2/m2/d. GPP_C=GPP_O2*12/32=0.518; ER_C=|ER|*12/32*1.0 (RQ=1.0)=3.390 gC/m2/d. Internal=ER_C-GPP_C; External=CO2_flux-Internal. External = RIP+TER+AQU directly from Kirk's own published mass-balance partition (RIP=0.494, TER=0.783, AQU=0.000 gC/m2/d; AQU=0 where not applicable/no spring input), per instructions section 8 -- NOT back-calculated as CO2_flux-Internal. CO2_flux = |fCO2| (Kirk's own modeled total evasion). Mass-balance residual (CO2_flux - (Internal+External)) = 1.333 gC/m2/d (Kirk's model also has an unassigned 'other' term not included here). Temperature_C = mean of temp.water column.",Kirk Supplement/all_daily_data.csv (per-site daily mass-balance model output),Subtropical,140
10.1029/2022JG006954,"(Kirk & Cohen, 2023)","Santa Fe River network, north-central Florida, USA (southeastern coastal plain)",SF700,"subtropical lowland blackwater third-order stream, confined aquifer, extensive riparian wetlands",0.867,3.608,5.09,17.41,1.575,2.532,"Shallow perched groundwater routed through riparian wetlands; Hawthorne confining unit forces lateral groundwater through organic-rich riparian soils (blackwater, low pH, high DOC)",Wetland seepage,"Kirk all_daily_data.csv per-site daily values (n=129). GPP_O2=0.041, ER_O2=-4.240 gO2/m2/d. GPP_C=GPP_O2*12/32=0.015; ER_C=|ER|*12/32*1.0 (RQ=1.0)=1.590 gC/m2/d. Internal=ER_C-GPP_C; External=CO2_flux-Internal. External = RIP+TER+AQU directly from Kirk's own published mass-balance partition (RIP=1.916, TER=0.616, AQU=0.000 gC/m2/d; AQU=0 where not applicable/no spring input), per instructions section 8 -- NOT back-calculated as CO2_flux-Internal. CO2_flux = |fCO2| (Kirk's own modeled total evasion). Mass-balance residual (CO2_flux - (Internal+External)) = -0.499 gC/m2/d (Kirk's model also has an unassigned 'other' term not included here). Temperature_C = mean of temp.water column.",Kirk Supplement/all_daily_data.csv (per-site daily mass-balance model output),Subtropical,140
10.1002/lno.11134,"(Lupon et al., 2019)","Krycklan catchment (67.9 km2), 50 km northwest of Umea, northern Sweden",C5-C6 reach,"boreal forest headwater stream (lake outlet), Scots pine/Norway spruce catchment",0.0056,4.2,5.4,NOT REPORTED,2.1,2.1,"Lake-outlet stream with discrete riparian groundwater inflow zones; begins ~100 m below Lake Stortjarn outlet, fed by five topographically-controlled groundwater inflow zones through boreal till/peat riparian soils",Groundwater-fed,"CO2_flux = 4.2 gC/m2/d, paper's own stated whole-study average evasion rate (Discussion, 'Scaling upstream C emissions'). pH = 5.4 (Study site section). Temperature_C NOT REPORTED: stream temperature was measured in the field but no numeric summary value appears in the accessible text. Discharge = midpoint of C5 station's during-study range (1.4-9.8 L/s) / 1000 = 0.0056 m3/s (C6 station range was 2.8-14.6 L/s; no single reach-mean Q given by the paper). External_Pathway = midpoint of groundwater's stated 34-66% CO2-input-contribution range (Results, 'Contribution of each source to stream C fluxes') = 50% x CO2_flux = 2.100 gC/m2/d. Internal_Pathway = CO2_flux - External = 2.100 gC/m2/d, per explicit user instruction. Note: the paper separately reports in-stream metabolism's own contribution as a 17-51% range (midpoint 34%, i.e. 1.428 gC/m2/d) -- this does not exactly equal the CO2_flux-minus-External figure above (2.100), since the two ranges are independently estimated and don't necessarily sum to 100%; this row uses the External-midpoint-then-subtract approach per instruction, not the separately-stated Internal range.",Discussion 'Scaling upstream C emissions' (CO2_flux) + Study site (pH) + Results 'Stream hydrology' (discharge) + Results 'Contribution of each source to stream C fluxes' (17-51% internal / 34-66% external ranges),Boreal,61.4
10.1007/s10533-022-00954-4,"(Marzolf et al., 2022)","La Selva Biological Station, Taconazo watershed (0.270 km2), Costa Rica",Taconazo (75 m study reach),"Neotropical lowland rainforest headwater stream, closed canopy",0.017,2.16,5.32,24.5,0.336,0.114,"Predominantly rain-fed/stormflow with modest deep-groundwater baseflow; ~4300 mm/yr rainfall, groundwater contributes only ~9-18% of discharge from a deep interbasin volcanic aquifer",Surface runoff,"Table 1 (discharge, pH, temperature) + Results 'Reach-scale CO2 fluxes' (median FCO2=0.18, NEP=0.028, GWCO2=0.0095 mol CO2/m2/d, all x12=gC/m2/d), hand-verified from PDF. Internal=NEP; External=GWCO2 (both independently measured, NOT back-calculated as a residual). Mass-balance residual (CO2_flux-(Internal+External))=1.710 gC/m2/d RETAINED per instructions section 7/9 -- paper states FCO2 is 'likely underestimated' due to reliance on seasonal (not continuous) gas-exchange measurements, and that headspace-based FCO2 estimates from the same stream (Oviedo-Vargas et al. 2015: dry season 0.9+/-0.4, wet season 0.6+/-0.3 mol C/m2/d) are closer in magnitude to the summed inputs. Temperature_C=24.5 is the study-period median (range 21.2-29.6, Table 1); the paper separately cites a long-term (1997-2015) mean of 25.1C (Ganong et al. 2015) for context.","Table 1 + Results 'Reach-scale CO2 fluxes', Marzolf et al. 2022",Tropical,400
10.5194/bg-19-137-2022,"(Moustapha et al., 2022)","Nyong watershed, Cameroon, Central Africa, including the first-order Mengong catchment and downstream river network from stream order 1 to 6",Awout_River,"tropical humid forested headwater, lateritic hillside groundwater seep",3.9,18.932,5.629,22.56,NOT REPORTED,NOT REPORTED,Lateritic-upland drainage with marshy/wetland influence; flows through a partially marshy riverbed (5.7% wetland catchment),Wetland seepage,"Moustapha Supplement.xlsx 'Feuil1' station means (n=16). pH, water temperature, and specific conductivity from supplement station means; pCO2 mean=15447 ppmv (context only). Discharge/CO2_flux/Internal/External filled from hand-verified PDF Table 1/Table 6 values (see VERIFIED_MOUSTAPHA_GAPFILL). CORRECTION (2026-08-03): these hand-verified Table 1/Table 6 values were computed by the pipeline's VERIFIED_MOUSTAPHA_GAPFILL recipe but never merged into this export -- filled in now. Discharge=3.9 m3/s (Table 1, stream order 3, 'Awout Messam' station). CO2_flux=Fdegas(order 3)/365=6910/365=18.932 gC/m2/d (Table 6). Internal/External remain NOT REPORTED: heterotrophic respiration incubations were only run at 2 of 6 stations (Mengong stream order 1 and Nyong at Mbalmayo order 5, per Methods), not here.","Moustapha Supplement.xlsx, 'Feuil1' sheet (station chemistry table) + Table 1 (discharge) + Table 6 (CO2 degassing, heterotrophic respiration), Moustapha et al. 2022",Tropical,165
10.5194/bg-19-137-2022,"(Moustapha et al., 2022)","Nyong watershed, Cameroon, Central Africa, including the first-order Mengong catchment and downstream river network from stream order 1 to 6",Nyong_Mbalmayo,"tropical humid forest, fifth-order river (Nyong main stem, western basin)",146,10.153,6.204,26.11,2.071,8.082,"Large mainstem river, well-drained lateritic upland dominated; minor wetland fraction (4.6% of catchment)",Surface runoff,"Moustapha Supplement.xlsx 'Feuil1' station means (n=22). pH, water temperature, and specific conductivity from supplement station means; pCO2 mean=11857 ppmv (context only). Discharge/CO2_flux/Internal/External filled from hand-verified PDF Table 1/Table 6 values (see VERIFIED_MOUSTAPHA_GAPFILL). CORRECTION (2026-08-03): these hand-verified Table 1/Table 6 values were computed by the pipeline's VERIFIED_MOUSTAPHA_GAPFILL recipe but never merged into this export -- filled in now. Discharge=146 m3/s (Table 1, stream order 5). CO2_flux=Fdegas(order 5)/365=3706/365=10.153 gC/m2/d (Table 6). Internal=heterotrophic respiration (pelagic+benthic, order 5, serum-bottle incubation, RQ n/a)/365=755.9/365=2.071 gC/m2/d (Table 6). External=CO2_flux-Internal=8.082 gC/m2/d (backcalculated residual, no independent per-station lateral-input flux reported).","Moustapha Supplement.xlsx, 'Feuil1' sheet (station chemistry table) + Table 1 (discharge) + Table 6 (CO2 degassing, heterotrophic respiration), Moustapha et al. 2022",Tropical,165
10.5194/bg-19-137-2022,"(Moustapha et al., 2022)","Nyong watershed, Cameroon, Central Africa, including the first-order Mengong catchment and downstream river network from stream order 1 to 6",Nyong_Olama,"tropical humid forest, sixth-order river (Nyong main stem near ocean outlet)",195,10.26,6.152,25.74,NOT REPORTED,NOT REPORTED,"Large mainstem river, well-drained lateritic upland dominated; minor wetland fraction (4.4% of catchment)",Surface runoff,"Moustapha Supplement.xlsx 'Feuil1' station means (n=22). pH, water temperature, and specific conductivity from supplement station means; pCO2 mean=11049 ppmv (context only). Discharge/CO2_flux/Internal/External filled from hand-verified PDF Table 1/Table 6 values (see VERIFIED_MOUSTAPHA_GAPFILL). CORRECTION (2026-08-03): these hand-verified Table 1/Table 6 values were computed by the pipeline's VERIFIED_MOUSTAPHA_GAPFILL recipe but never merged into this export -- filled in now. Discharge=195 m3/s (Table 1, stream order 6). CO2_flux=Fdegas(order 6)/365=3745/365=10.260 gC/m2/d (Table 6). Internal/External remain NOT REPORTED: heterotrophic respiration incubations were only run at 2 of 6 stations (Mengong stream order 1 and Nyong at Mbalmayo order 5, per Methods), not here.","Moustapha Supplement.xlsx, 'Feuil1' sheet (station chemistry table) + Table 1 (discharge) + Table 6 (CO2 degassing, heterotrophic respiration), Moustapha et al. 2022",Tropical,165
10.5194/bg-19-137-2022,"(Moustapha et al., 2022)","Nyong watershed, Cameroon, Central Africa, including the first-order Mengong catchment and downstream river network from stream order 1 to 6",Outlet_Mengong,"tropical humid forested headwater, lateritic hillside groundwater seep",0.009,14.641,5.635,22.97,0.785,13.856,Mixed hillside groundwater and wetland/riparian drainage; integrates hillside groundwater plus wetland-stream exchange and overland flow (20% wetland catchment),Mixed,"Moustapha Supplement.xlsx 'Feuil1' station means (n=19). pH, water temperature, and specific conductivity from supplement station means; pCO2 mean=15638 ppmv (context only). Discharge/CO2_flux/Internal/External filled from hand-verified PDF Table 1/Table 6 values (see VERIFIED_MOUSTAPHA_GAPFILL). CORRECTION (2026-08-03): these hand-verified Table 1/Table 6 values were computed by the pipeline's VERIFIED_MOUSTAPHA_GAPFILL recipe but never merged into this export -- filled in now. Discharge=0.009 m3/s (Table 1, stream order 1). CO2_flux=Fdegas(order 1)/365=5344/365=14.641 gC/m2/d (Table 6). Internal=heterotrophic respiration (pelagic+benthic, order 1, serum-bottle incubation, RQ n/a)/365=286.4/365=0.785 gC/m2/d (Table 6). External=CO2_flux-Internal=13.856 gC/m2/d (backcalculated residual, no independent per-station lateral-input flux reported).","Moustapha Supplement.xlsx, 'Feuil1' sheet (station chemistry table) + Table 1 (discharge) + Table 6 (CO2 degassing, heterotrophic respiration), Moustapha et al. 2022",Tropical,165
10.5194/bg-19-137-2022,"(Moustapha et al., 2022)","Nyong watershed, Cameroon, Central Africa, including the first-order Mengong catchment and downstream river network from stream order 1 to 6",So'o_River,"tropical humid forested headwater, lateritic hillside groundwater seep",35.6,14.466,6.054,23.91,NOT REPORTED,NOT REPORTED,Lateritic-upland drainage with marshy/wetland influence; main left-bank tributary (5.3% wetland catchment),Wetland seepage,"Moustapha Supplement.xlsx 'Feuil1' station means (n=22). pH, water temperature, and specific conductivity from supplement station means; pCO2 mean=12169 ppmv (context only). Discharge/CO2_flux/Internal/External filled from hand-verified PDF Table 1/Table 6 values (see VERIFIED_MOUSTAPHA_GAPFILL). CORRECTION (2026-08-03): these hand-verified Table 1/Table 6 values were computed by the pipeline's VERIFIED_MOUSTAPHA_GAPFILL recipe but never merged into this export -- filled in now. Discharge=35.6 m3/s (Table 1, stream order 4, 'Pont So'o' station). CO2_flux=Fdegas(order 4)/365=5280/365=14.466 gC/m2/d (Table 6). Internal/External remain NOT REPORTED: heterotrophic respiration incubations were only run at 2 of 6 stations (Mengong stream order 1 and Nyong at Mbalmayo order 5, per Methods), not here.","Moustapha Supplement.xlsx, 'Feuil1' sheet (station chemistry table) + Table 1 (discharge) + Table 6 (CO2 degassing, heterotrophic respiration), Moustapha et al. 2022",Tropical,165
10.5194/bg-19-137-2022,"(Moustapha et al., 2022)","Nyong watershed, Cameroon, Central Africa, including the first-order Mengong catchment and downstream river network from stream order 1 to 6",Source_Mengong,"tropical humid forested headwater, lateritic hillside groundwater seep",0.00544,NOT REPORTED,5.036,23.25,NOT REPORTED,NOT REPORTED,Perennial hillside groundwater spring; emerges from a thick lateritic hillside aquifer at a non-flooded forest spring,Groundwater-fed,"Moustapha Supplement.xlsx 'Feuil1' station means (n=22). pH, water temperature, and specific conductivity from supplement station means; pCO2 mean=78812 ppmv (context only). Discharge/CO2_flux/Internal/External filled from hand-verified PDF Table 1/Table 6 values (see VERIFIED_MOUSTAPHA_GAPFILL). CORRECTION (2026-08-03): these hand-verified Table 1/Table 6 values were computed by the pipeline's VERIFIED_MOUSTAPHA_GAPFILL recipe but never merged into this export -- filled in now. Discharge=0.00544 m3/s = Qhill (Table 1, Eq. 1), the non-flooded-forest-groundwater end-member, not a stream reach with a measured CO2 degassing rate -- CO2_flux/Internal/External remain NOT REPORTED.","Moustapha Supplement.xlsx, 'Feuil1' sheet (station chemistry table) + Table 1 (discharge) + Table 6 (CO2 degassing, heterotrophic respiration), Moustapha et al. 2022",Tropical,165
10.5194/bg-22-4923-2025,"(Nguyen et al., 2025)","Loire River at Dampierre (47.6N, 2.6E), France, 564 km from source, 36,000 km2 catchment",1990-2000 (phytoplankton-dominated),"large temperate 8th-order lowland river, anabranching fluvial pattern; catchment forest (42%)/pasture (35%)/agriculture (21%)",301,2.825,8.2,13,0.063,2.762,"Large mixed river: tributary/surface-fed with significant groundwater-derived alkalinity; 8th-order anabranching Loire channel draining volcanic/granitic and carbonate basins, alkalinity shaped by groundwater-carbonate dissolution especially below the Allier confluence; side-channels provide seasonal floodplain surface-water connectivity",Mixed,"Table 1 'All states' column (whole-river annual mean +/- sd across all four trophlux sub-states, N=10 or 11 years per decade), decade periods delineated by the paper's own change-point analysis (~2000/2008 for FCO2, ~1995/2011 for NEP). FCO2=1031, -NEP=23, External CO2=1008 gC/m2/yr, each /365 = gC/m2/d. Internal_Pathway=-NEP is the paper's own carbon-referenced metabolic flux (GPP/ER converted 1:1 O2:C by the authors, cross-checked here: this period's reported GPP-ER matches Table 1's -NEP exactly) -- NOT re-run through this pipeline's RQ=1.0 O2-based formula (would double-convert). External_Pathway = paper's own stated 'External CO2 = FCO2 + NEP' (Table 1 footnote, algebraically identical to this pipeline's usual CO2_flux-Internal backcalc). Discharge and Temperature_C = Table 1 'All states' annual mean (Temperature_C is the paper's own hourly water-temperature dataset, per Methods 'hourly data of pH, temperature, ... were extracted'). pH NOT REPORTED: measured hourly and used as pCO2SYS input, but only a QC sanity bound ('pH ranges from 6 to 10', Methods/Supplement S2) appears anywhere in the accessible text -- no reported mean/median.","Table 1 ('All states' column) + Results 3.1 (GPP/ER cross-check), Nguyen et al. 2025",Temperate,66
10.5194/bg-22-4923-2025,"(Nguyen et al., 2025)","Loire River at Dampierre (47.6N, 2.6E), France, 564 km from source, 36,000 km2 catchment",2001-2010 (transition),"large temperate 8th-order lowland river, anabranching fluvial pattern; catchment forest (42%)/pasture (35%)/agriculture (21%)",323,4.203,8.2,13,0.444,3.759,"Large mixed river: tributary/surface-fed with significant groundwater-derived alkalinity; 8th-order anabranching Loire channel draining volcanic/granitic and carbonate basins, alkalinity shaped by groundwater-carbonate dissolution especially below the Allier confluence; side-channels provide seasonal floodplain surface-water connectivity",Mixed,"Table 1 'All states' column (whole-river annual mean +/- sd across all four trophlux sub-states, N=10 or 11 years per decade), decade periods delineated by the paper's own change-point analysis (~2000/2008 for FCO2, ~1995/2011 for NEP). FCO2=1534, -NEP=162, External CO2=1372 gC/m2/yr, each /365 = gC/m2/d. Internal_Pathway=-NEP is the paper's own carbon-referenced metabolic flux (GPP/ER converted 1:1 O2:C by the authors, cross-checked here: this period's reported GPP-ER matches Table 1's -NEP exactly) -- NOT re-run through this pipeline's RQ=1.0 O2-based formula (would double-convert). External_Pathway = paper's own stated 'External CO2 = FCO2 + NEP' (Table 1 footnote, algebraically identical to this pipeline's usual CO2_flux-Internal backcalc). Discharge and Temperature_C = Table 1 'All states' annual mean (Temperature_C is the paper's own hourly water-temperature dataset, per Methods 'hourly data of pH, temperature, ... were extracted'). pH NOT REPORTED: measured hourly and used as pCO2SYS input, but only a QC sanity bound ('pH ranges from 6 to 10', Methods/Supplement S2) appears anywhere in the accessible text -- no reported mean/median.","Table 1 ('All states' column) + Results 3.1 (GPP/ER cross-check), Nguyen et al. 2025",Temperate,66
10.5194/bg-22-4923-2025,"(Nguyen et al., 2025)","Loire River at Dampierre (47.6N, 2.6E), France, 564 km from source, 36,000 km2 catchment",2011-2021 (macrophyte-dominated),"large temperate 8th-order lowland river, anabranching fluvial pattern; catchment forest (42%)/pasture (35%)/agriculture (21%)",277,2.118,8.2,14,0.822,1.293,"Large mixed river: tributary/surface-fed with significant groundwater-derived alkalinity; 8th-order anabranching Loire channel draining volcanic/granitic and carbonate basins, alkalinity shaped by groundwater-carbonate dissolution especially below the Allier confluence; side-channels provide seasonal floodplain surface-water connectivity",Mixed,"Table 1 'All states' column (whole-river annual mean +/- sd across all four trophlux sub-states, N=10 or 11 years per decade), decade periods delineated by the paper's own change-point analysis (~2000/2008 for FCO2, ~1995/2011 for NEP). FCO2=773, -NEP=300, External CO2=472 gC/m2/yr, each /365 = gC/m2/d. Internal_Pathway=-NEP is the paper's own carbon-referenced metabolic flux (GPP/ER converted 1:1 O2:C by the authors, cross-checked here: this period's reported GPP-ER matches Table 1's -NEP exactly) -- NOT re-run through this pipeline's RQ=1.0 O2-based formula (would double-convert). External_Pathway = paper's own stated 'External CO2 = FCO2 + NEP' (Table 1 footnote, algebraically identical to this pipeline's usual CO2_flux-Internal backcalc). Discharge and Temperature_C = Table 1 'All states' annual mean (Temperature_C is the paper's own hourly water-temperature dataset, per Methods 'hourly data of pH, temperature, ... were extracted'). pH NOT REPORTED: measured hourly and used as pCO2SYS input, but only a QC sanity bound ('pH ranges from 6 to 10', Methods/Supplement S2) appears anywhere in the accessible text -- no reported mean/median.","Table 1 ('All states' column) + Results 3.1 (GPP/ER cross-check), Nguyen et al. 2025",Temperate,66
10.1002/lno.70372,"(Rexroade et al., 2026)","Education Creek, Litchfield National Park, Northern Territory, Australia (seasonal wet-dry tropics)",EC (upstream),tropical savanna headwater stream with seasonally flooded upland wetlands,0.0268,9.34,4.642,27.06,0.321,9.019,"Groundwater-fed, sandstone-aquifer baseflow plus seasonal wetland surface flow; perennial stream atop a porous sandstone plateau, upstream sub-catchment is seasonally flooded upland wetland",Groundwater-fed,"Rexoade pH.csv per-site pH (n=13); Timeseries.csv Q.up (10-min, mean/1000=m3/s), Temp.up (Temperature_C) (n=397). GPP_O2=0.101, ER_O2=-0.957 gO2/m2/d. GPP_C=GPP_O2*12/32=0.038; ER_C=|ER|*12/32*1.0 (RQ=1.0)=0.359 gC/m2/d. Internal=ER_C-GPP_C; External=CO2_flux-Internal. CO2_flux from Rexroade/CO2endmembers.csv: mean CO2.atm (n=366, g C-CO2/d TOTAL whole-reach) / 2720 m2 (area per instructions section 7) = 9.340 gC/m2/d. Reach-level flux and metabolism -- paper does not split CO2_flux or GPP/ER per site, so identical Internal/External/CO2_flux applied to both EC and EC.DS; only pH, Temperature_C, and Q differ by site. FLAG: BACKCALC","Rexoade pH.csv + Rexroade/{MetabolismOutput,CO2endmembers,Timeseries}.csv",Tropical,154.5
10.1002/lno.70372,"(Rexroade et al., 2026)","Education Creek, Litchfield National Park, Northern Territory, Australia (seasonal wet-dry tropics)",EC.DS (downstream),tropical savanna headwater stream with seasonally flooded upland wetlands,0.0531,9.34,5.079,26.68,0.321,9.019,"Same groundwater-fed sandstone-aquifer system, integrating additional lateral riparian/hyporheic and shallow groundwater inputs downstream",Groundwater-fed,"Rexoade pH.csv per-site pH (n=14); Timeseries.csv Q.dn (10-min, mean/1000=m3/s), Temp.dn (Temperature_C) (n=397). GPP_O2=0.101, ER_O2=-0.957 gO2/m2/d. GPP_C=GPP_O2*12/32=0.038; ER_C=|ER|*12/32*1.0 (RQ=1.0)=0.359 gC/m2/d. Internal=ER_C-GPP_C; External=CO2_flux-Internal. CO2_flux from Rexroade/CO2endmembers.csv: mean CO2.atm (n=366, g C-CO2/d TOTAL whole-reach) / 2720 m2 (area per instructions section 7) = 9.340 gC/m2/d. Reach-level flux and metabolism -- paper does not split CO2_flux or GPP/ER per site, so identical Internal/External/CO2_flux applied to both EC and EC.DS; only pH, Temperature_C, and Q differ by site. FLAG: BACKCALC","Rexoade pH.csv + Rexroade/{MetabolismOutput,CO2endmembers,Timeseries}.csv",Tropical,154.5
10.1111/gcb.14895,"(Rocher-Ros et al., 2019)","Miellajokka catchment, northern Sweden (near Abisko), Arctic tundra and mountain birch forest streams",M1,Arctic/subarctic mountain birch forest headwater stream,4.5132,1.311,7.5,7.62,2.423,-1.112,"Snowmelt-driven spring flood plus tundra/permafrost baseflow, minimal local groundwater; mountain birch forest reach below the tree line, site selected for minimal groundwater input immediately upstream",Glacial/snow melt,"Rocher Ros Supplement.csv, per-site daily values (GPP.50/ER.50 medians) (n=39). GPP_O2=0.552, ER_O2=-7.012 gO2/m2/d. GPP_C=GPP_O2*12/32=0.207; ER_C=|ER|*12/32*1.0 (RQ=1.0)=2.629 gC/m2/d. Internal=ER_C-GPP_C; External=CO2_flux-Internal. Q from discharge.l.s (L/s) / 1000 = m3/s. CO2_flux = mean FCO2.gC.d (already gC/m2/d). Temperature_C = mean of temp.c column. FLAG: BACKCALC",Rocher-Ros Supplement.csv (per-site daily metabolism/FCO2 table),Arctic,33.7
10.1111/gcb.14895,"(Rocher-Ros et al., 2019)","Miellajokka catchment, northern Sweden (near Abisko), Arctic tundra and mountain birch forest streams",M10,Arctic tundra headwater stream,0.3355,0.756,7.5,6.75,1.33,-0.574,"Snowmelt-driven spring flood plus tundra/permafrost baseflow, minimal local groundwater; tundra-heath reach above the tree line, site selected for minimal groundwater input immediately upstream",Glacial/snow melt,"Rocher Ros Supplement.csv, per-site daily values (GPP.50/ER.50 medians) (n=88). GPP_O2=0.739, ER_O2=-4.287 gO2/m2/d. GPP_C=GPP_O2*12/32=0.277; ER_C=|ER|*12/32*1.0 (RQ=1.0)=1.607 gC/m2/d. Internal=ER_C-GPP_C; External=CO2_flux-Internal. Q from discharge.l.s (L/s) / 1000 = m3/s. CO2_flux = mean FCO2.gC.d (already gC/m2/d). Temperature_C = mean of temp.c column. FLAG: BACKCALC",Rocher-Ros Supplement.csv (per-site daily metabolism/FCO2 table),Arctic,33.7
10.1111/gcb.14895,"(Rocher-Ros et al., 2019)","Miellajokka catchment, northern Sweden (near Abisko), Arctic tundra and mountain birch forest streams",M16,Arctic/subarctic mountain birch forest headwater stream,0.0945,2.652,7.5,6.94,2.131,0.521,"Snowmelt-driven spring flood plus tundra/permafrost baseflow, minimal local groundwater; mountain birch forest reach below the tree line, site selected for minimal groundwater input immediately upstream",Glacial/snow melt,"Rocher Ros Supplement.csv, per-site daily values (GPP.50/ER.50 medians) (n=46). GPP_O2=0.645, ER_O2=-6.327 gO2/m2/d. GPP_C=GPP_O2*12/32=0.242; ER_C=|ER|*12/32*1.0 (RQ=1.0)=2.372 gC/m2/d. Internal=ER_C-GPP_C; External=CO2_flux-Internal. Q from discharge.l.s (L/s) / 1000 = m3/s. CO2_flux = mean FCO2.gC.d (already gC/m2/d). Temperature_C = mean of temp.c column. FLAG: BACKCALC",Rocher-Ros Supplement.csv (per-site daily metabolism/FCO2 table),Arctic,33.7
10.1111/gcb.14895,"(Rocher-Ros et al., 2019)","Miellajokka catchment, northern Sweden (near Abisko), Arctic tundra and mountain birch forest streams",M17,Arctic tundra first-order headwater stream,0.0119,1.437,7.5,5.81,1.162,0.275,"Snowmelt-driven spring flood plus tundra/permafrost baseflow, minimal local groundwater; tundra-heath reach above the tree line, site selected for minimal groundwater input immediately upstream",Glacial/snow melt,"Rocher Ros Supplement.csv, per-site daily values (GPP.50/ER.50 medians) (n=53). GPP_O2=0.505, ER_O2=-3.604 gO2/m2/d. GPP_C=GPP_O2*12/32=0.189; ER_C=|ER|*12/32*1.0 (RQ=1.0)=1.352 gC/m2/d. Internal=ER_C-GPP_C; External=CO2_flux-Internal. Q from discharge.l.s (L/s) / 1000 = m3/s. CO2_flux = mean FCO2.gC.d (already gC/m2/d). Temperature_C = mean of temp.c column. FLAG: BACKCALC",Rocher-Ros Supplement.csv (per-site daily metabolism/FCO2 table),Arctic,33.7
10.1111/gcb.14895,"(Rocher-Ros et al., 2019)","Miellajokka catchment, northern Sweden (near Abisko), Arctic tundra and mountain birch forest streams",M6,Arctic tundra headwater stream,0.105,1.536,7.5,5.91,1.925,-0.389,"Snowmelt-driven spring flood plus tundra/permafrost baseflow, minimal local groundwater; tundra-heath reach above the tree line, site selected for minimal groundwater input immediately upstream",Glacial/snow melt,"Rocher Ros Supplement.csv, per-site daily values (GPP.50/ER.50 medians) (n=132). GPP_O2=0.401, ER_O2=-5.534 gO2/m2/d. GPP_C=GPP_O2*12/32=0.150; ER_C=|ER|*12/32*1.0 (RQ=1.0)=2.075 gC/m2/d. Internal=ER_C-GPP_C; External=CO2_flux-Internal. Q from discharge.l.s (L/s) / 1000 = m3/s. CO2_flux = mean FCO2.gC.d (already gC/m2/d). Temperature_C = mean of temp.c column. FLAG: BACKCALC",Rocher-Ros Supplement.csv (per-site daily metabolism/FCO2 table),Arctic,33.7
10.1111/gcb.14895,"(Rocher-Ros et al., 2019)","Miellajokka catchment, northern Sweden (near Abisko), Arctic tundra and mountain birch forest streams",M9,Arctic tundra headwater stream,0.7786,1.336,7.5,7.87,1.048,0.288,"Snowmelt-driven spring flood plus tundra/permafrost baseflow, minimal local groundwater; tundra-heath reach above the tree line, site selected for minimal groundwater input immediately upstream",Glacial/snow melt,"Rocher Ros Supplement.csv, per-site daily values (GPP.50/ER.50 medians) (n=135). GPP_O2=0.641, ER_O2=-3.437 gO2/m2/d. GPP_C=GPP_O2*12/32=0.240; ER_C=|ER|*12/32*1.0 (RQ=1.0)=1.289 gC/m2/d. Internal=ER_C-GPP_C; External=CO2_flux-Internal. Q from discharge.l.s (L/s) / 1000 = m3/s. CO2_flux = mean FCO2.gC.d (already gC/m2/d). Temperature_C = mean of temp.c column. FLAG: BACKCALC",Rocher-Ros Supplement.csv (per-site daily metabolism/FCO2 table),Arctic,33.7
10.1002/lno.12334,"(Solano et al., 2023)","Manton Creek (34 km2 catchment), near Darwin, Northern Territory, Australia",Manton Creek,"wet-dry tropical savanna headwater stream, closed-canopy vine forest riparian corridor",0.3,1.05,7.5,26.76,1.29,-0.24,Surface-runoff/wet-season monsoonal flow with low groundwater input; authors explicitly assumed low groundwater CO2 inputs and verified absence of significant tributary/groundwater inflows via flow-accumulation analysis along the reach,Surface runoff,"CO2_flux = paper's own study-period median FCO2 (n=572 d, range 0-6.70 gC/m2/d; Results). Internal_Pathway = paper's own study-period median NEP (n=322 d, range 0.84-4.06 gC/m2/d; Results) -- already carbon-referenced by the authors via PQ/RQ-propagated O2-to-C conversion (0.8-1.2 range Monte Carlo), NOT raw O2 flux, so NOT re-run through this pipeline's own RQ=1.0 formula (would double-convert). External_Pathway = CO2_flux - Internal = -0.240 gC/m2/d (BACKCALC) -- negative, reflecting the paper's own headline finding that NEP exceeds local CO2 evasion (median 129%, IQR 120-175% contribution); the paper's own Discussion attributes the shortfall to internally-produced CO2 being exported downstream as dissolved CO2/DIC rather than evading in this reach. Discharge = long-term mean daily runoff 2002-2021 (Methods, Study site), 0.3 m3/s (range 0-2.4) -- not season/year-matched to the exact 2019-2021 metabolism window, paper's own clearest single discharge figure. pH NOT REPORTED: only a qualitative mention ('high pH values during the dry season', Discussion, referencing Supporting Information Fig. S10) -- no numeric table or summary value given anywhere in the accessible text. Temperature_C NOT REPORTED: water temperature was continuously logged (Fig. 1a) but no numeric mean/median is stated in the accessible text, only correlation coefficients with other variables. Temperature_C=26.76: mean of user-supplied 'solano temp.csv' (continuous hourly logger, n=20337 valid readings, range 18.09-36.32C, Dec 2018-Mar 2021), replacing the earlier NOT REPORTED.","Results 'Stream metabolism estimates' + 'Contribution of NEP to CO2 evasion' + Methods 'Study site', Solano et al. 2023",Tropical,153.2
10.1029/2022JG006855,"(Taillardat et al., 2022)","La Romaine watershed, boreal Eastern Canada (Quebec); first-order stream draining an ombrotrophic peatland at 50°31′N, 63°12′W",P_1,boreal ombrotrophic peatland headwater stream,0,NOT REPORTED,5.371,12.63,NOT REPORTED,NOT REPORTED,"Ombrotrophic (rain-fed) peat porewater seepage; dome-shaped bog fed only by rain/snow, porewater seepage supplies ~81% of in-stream CO2 overall",Wetland seepage,"Taillardart Supplement.csv site averages (n=7). Q_m3s from Q_m3s1 col. CO2_flux from measuredmean_CO2_flux_mmolm2h1 x24 (h/d) x12/1000 (mmol->gC). pCO2 mean=5171 ppm. Temperature_C = mean of water_temp_C col. pH = 5.371, reach-wide mean from Taillardart pH.csv (continuous 3-hourly logger, n=440, Jun-Aug 2020) -- this file has no site identifier (single fixed monitoring point), so per explicit user instruction the same mean pH is applied to every site rather than attributed to one station. No per-site GPP/ER in supplement, so External/Internal applies the paper's own reach-level partition directly to this site's CO2_flux (per explicit user instruction): External = 0.81 x CO2_flux = NA gC/m2/d (porewater), Internal = 0.17 x CO2_flux = NA gC/m2/d (metabolism); the remaining 2% (CH4 oxidation) is a separate pathway not included in either term, so Internal+External sums to 98% of CO2_flux, not 100%.",Taillardart Supplement.csv (per-site Q/pCO2/flux table),Boreal,101.1
10.1029/2022JG006855,"(Taillardat et al., 2022)","La Romaine watershed, boreal Eastern Canada (Quebec); first-order stream draining an ombrotrophic peatland at 50°31′N, 63°12′W",P_2,boreal ombrotrophic peatland headwater stream,0.0092,3.46,5.371,13.49,0.588,2.803,"Ombrotrophic (rain-fed) peat porewater seepage; dome-shaped bog fed only by rain/snow, porewater seepage supplies ~81% of in-stream CO2 overall",Wetland seepage,"Taillardart Supplement.csv site averages (n=7). Q_m3s from Q_m3s1 col. CO2_flux from measuredmean_CO2_flux_mmolm2h1 x24 (h/d) x12/1000 (mmol->gC). pCO2 mean=5183 ppm. Temperature_C = mean of water_temp_C col. pH = 5.371, reach-wide mean from Taillardart pH.csv (continuous 3-hourly logger, n=440, Jun-Aug 2020) -- this file has no site identifier (single fixed monitoring point), so per explicit user instruction the same mean pH is applied to every site rather than attributed to one station. No per-site GPP/ER in supplement, so External/Internal applies the paper's own reach-level partition directly to this site's CO2_flux (per explicit user instruction): External = 0.81 x CO2_flux = 2.803 gC/m2/d (porewater), Internal = 0.17 x CO2_flux = 0.588 gC/m2/d (metabolism); the remaining 2% (CH4 oxidation) is a separate pathway not included in either term, so Internal+External sums to 98% of CO2_flux, not 100%.",Taillardart Supplement.csv (per-site Q/pCO2/flux table),Boreal,101.1
10.1029/2022JG006855,"(Taillardat et al., 2022)","La Romaine watershed, boreal Eastern Canada (Quebec); first-order stream draining an ombrotrophic peatland at 50°31′N, 63°12′W",P_3,boreal ombrotrophic peatland headwater stream,0.0098,NOT REPORTED,5.371,12.7,NOT REPORTED,NOT REPORTED,"Ombrotrophic (rain-fed) peat porewater seepage; dome-shaped bog fed only by rain/snow, porewater seepage supplies ~81% of in-stream CO2 overall",Wetland seepage,"Taillardart Supplement.csv site averages (n=7). Q_m3s from Q_m3s1 col. CO2_flux from measuredmean_CO2_flux_mmolm2h1 x24 (h/d) x12/1000 (mmol->gC). pCO2 mean=11381 ppm. Temperature_C = mean of water_temp_C col. pH = 5.371, reach-wide mean from Taillardart pH.csv (continuous 3-hourly logger, n=440, Jun-Aug 2020) -- this file has no site identifier (single fixed monitoring point), so per explicit user instruction the same mean pH is applied to every site rather than attributed to one station. No per-site GPP/ER in supplement, so External/Internal applies the paper's own reach-level partition directly to this site's CO2_flux (per explicit user instruction): External = 0.81 x CO2_flux = NA gC/m2/d (porewater), Internal = 0.17 x CO2_flux = NA gC/m2/d (metabolism); the remaining 2% (CH4 oxidation) is a separate pathway not included in either term, so Internal+External sums to 98% of CO2_flux, not 100%.",Taillardart Supplement.csv (per-site Q/pCO2/flux table),Boreal,101.1
10.1029/2022JG006855,"(Taillardat et al., 2022)","La Romaine watershed, boreal Eastern Canada (Quebec); first-order stream draining an ombrotrophic peatland at 50°31′N, 63°12′W",P_4,boreal ombrotrophic peatland headwater stream,0.0107,8.013,5.371,12.28,1.362,6.491,"Ombrotrophic (rain-fed) peat porewater seepage; dome-shaped bog fed only by rain/snow, porewater seepage supplies ~81% of in-stream CO2 overall",Wetland seepage,"Taillardart Supplement.csv site averages (n=7). Q_m3s from Q_m3s1 col. CO2_flux from measuredmean_CO2_flux_mmolm2h1 x24 (h/d) x12/1000 (mmol->gC). pCO2 mean=11436 ppm. Temperature_C = mean of water_temp_C col. pH = 5.371, reach-wide mean from Taillardart pH.csv (continuous 3-hourly logger, n=440, Jun-Aug 2020) -- this file has no site identifier (single fixed monitoring point), so per explicit user instruction the same mean pH is applied to every site rather than attributed to one station. No per-site GPP/ER in supplement, so External/Internal applies the paper's own reach-level partition directly to this site's CO2_flux (per explicit user instruction): External = 0.81 x CO2_flux = 6.491 gC/m2/d (porewater), Internal = 0.17 x CO2_flux = 1.362 gC/m2/d (metabolism); the remaining 2% (CH4 oxidation) is a separate pathway not included in either term, so Internal+External sums to 98% of CO2_flux, not 100%.",Taillardart Supplement.csv (per-site Q/pCO2/flux table),Boreal,101.1
10.1029/2022JG006855,"(Taillardat et al., 2022)","La Romaine watershed, boreal Eastern Canada (Quebec); first-order stream draining an ombrotrophic peatland at 50°31′N, 63°12′W",P_5,boreal ombrotrophic peatland headwater stream,0.0188,10.927,5.371,13.73,1.858,8.851,Groundwater/mineral-water influenced (minerotrophic transition zone); elevated radioisotopes (222Rn/223Ra/224Ra) indicate groundwater or mineral-rock contact where the stream crosses a rocky outcrop and sandy soils,Mixed,"Taillardart Supplement.csv site averages (n=7). Q_m3s from Q_m3s1 col. CO2_flux from measuredmean_CO2_flux_mmolm2h1 x24 (h/d) x12/1000 (mmol->gC). pCO2 mean=9225 ppm. Temperature_C = mean of water_temp_C col. pH = 5.371, reach-wide mean from Taillardart pH.csv (continuous 3-hourly logger, n=440, Jun-Aug 2020) -- this file has no site identifier (single fixed monitoring point), so per explicit user instruction the same mean pH is applied to every site rather than attributed to one station. No per-site GPP/ER in supplement, so External/Internal applies the paper's own reach-level partition directly to this site's CO2_flux (per explicit user instruction): External = 0.81 x CO2_flux = 8.851 gC/m2/d (porewater), Internal = 0.17 x CO2_flux = 1.858 gC/m2/d (metabolism); the remaining 2% (CH4 oxidation) is a separate pathway not included in either term, so Internal+External sums to 98% of CO2_flux, not 100%.",Taillardart Supplement.csv (per-site Q/pCO2/flux table),Boreal,101.1
10.1029/2022JG006855,"(Taillardat et al., 2022)","La Romaine watershed, boreal Eastern Canada (Quebec); first-order stream draining an ombrotrophic peatland at 50°31′N, 63°12′W",P_6,boreal peatland headwater stream transitioning to minerotrophic conditions,0.0209,10.669,5.371,15.55,1.814,8.642,Groundwater/mineral-water influenced (minerotrophic transition zone); elevated radioisotopes (222Rn/223Ra/224Ra) indicate groundwater or mineral-rock contact where the stream crosses a rocky outcrop and sandy soils,Mixed,"Taillardart Supplement.csv site averages (n=7). Q_m3s from Q_m3s1 col. CO2_flux from measuredmean_CO2_flux_mmolm2h1 x24 (h/d) x12/1000 (mmol->gC). pCO2 mean=4473 ppm. Temperature_C = mean of water_temp_C col. pH = 5.371, reach-wide mean from Taillardart pH.csv (continuous 3-hourly logger, n=440, Jun-Aug 2020) -- this file has no site identifier (single fixed monitoring point), so per explicit user instruction the same mean pH is applied to every site rather than attributed to one station. No per-site GPP/ER in supplement, so External/Internal applies the paper's own reach-level partition directly to this site's CO2_flux (per explicit user instruction): External = 0.81 x CO2_flux = 8.642 gC/m2/d (porewater), Internal = 0.17 x CO2_flux = 1.814 gC/m2/d (metabolism); the remaining 2% (CH4 oxidation) is a separate pathway not included in either term, so Internal+External sums to 98% of CO2_flux, not 100%.",Taillardart Supplement.csv (per-site Q/pCO2/flux table),Boreal,101.1
10.1029/2022JG006855,"(Taillardat et al., 2022)","La Romaine watershed, boreal Eastern Canada (Quebec); first-order stream draining an ombrotrophic peatland at 50°31′N, 63°12′W",P_outlet,boreal ombrotrophic peatland headwater stream,0.0235,5.027,5.371,13.22,0.855,4.072,Reverts to peat-porewater dominance; isotopic signature shifts back toward the peat-porewater endmember at the outlet after the mid-reach minerotrophic section,Wetland seepage,"Taillardart Supplement.csv site averages (n=8). Q_m3s from Q_m3s1 col. CO2_flux from measuredmean_CO2_flux_mmolm2h1 x24 (h/d) x12/1000 (mmol->gC). pCO2 mean=8152 ppm. Temperature_C = mean of water_temp_C col. pH = 5.371, reach-wide mean from Taillardart pH.csv (continuous 3-hourly logger, n=440, Jun-Aug 2020) -- this file has no site identifier (single fixed monitoring point), so per explicit user instruction the same mean pH is applied to every site rather than attributed to one station. No per-site GPP/ER in supplement, so External/Internal applies the paper's own reach-level partition directly to this site's CO2_flux (per explicit user instruction): External = 0.81 x CO2_flux = 4.072 gC/m2/d (porewater), Internal = 0.17 x CO2_flux = 0.855 gC/m2/d (metabolism); the remaining 2% (CH4 oxidation) is a separate pathway not included in either term, so Internal+External sums to 98% of CO2_flux, not 100%.",Taillardart Supplement.csv (per-site Q/pCO2/flux table),Boreal,101.1
10.1029/2022JG006855,"(Taillardat et al., 2022)","La Romaine watershed, boreal Eastern Canada (Quebec); first-order stream draining an ombrotrophic peatland at 50°31′N, 63°12′W",P_start,boreal ombrotrophic peatland headwater stream,0,NOT REPORTED,5.371,12.48,NOT REPORTED,NOT REPORTED,"Ombrotrophic (rain-fed) peat porewater seepage; dome-shaped bog fed only by rain/snow, porewater seepage supplies ~81% of in-stream CO2 overall",Wetland seepage,"Taillardart Supplement.csv site averages (n=7). Q_m3s from Q_m3s1 col. CO2_flux from measuredmean_CO2_flux_mmolm2h1 x24 (h/d) x12/1000 (mmol->gC). pCO2 mean=5183 ppm. Temperature_C = mean of water_temp_C col. pH = 5.371, reach-wide mean from Taillardart pH.csv (continuous 3-hourly logger, n=440, Jun-Aug 2020) -- this file has no site identifier (single fixed monitoring point), so per explicit user instruction the same mean pH is applied to every site rather than attributed to one station. No per-site GPP/ER in supplement, so External/Internal applies the paper's own reach-level partition directly to this site's CO2_flux (per explicit user instruction): External = 0.81 x CO2_flux = NA gC/m2/d (porewater), Internal = 0.17 x CO2_flux = NA gC/m2/d (metabolism); the remaining 2% (CH4 oxidation) is a separate pathway not included in either term, so Internal+External sums to 98% of CO2_flux, not 100%.",Taillardart Supplement.csv (per-site Q/pCO2/flux table),Boreal,101.1
10.1029/2022JG006855,"(Taillardat et al., 2022)","La Romaine watershed, boreal Eastern Canada (Quebec); first-order stream draining an ombrotrophic peatland at 50°31′N, 63°12′W",PW,boreal ombrotrophic peatland headwater stream,NOT REPORTED,NOT REPORTED,5.371,15.25,NOT REPORTED,NOT REPORTED,Peat porewater endmember; directly-sampled hummock/depression porewater at 30/70/100 cm depth,Wetland seepage,"Taillardart Supplement.csv site averages (n=14). Q_m3s from Q_m3s1 col. CO2_flux from measuredmean_CO2_flux_mmolm2h1 x24 (h/d) x12/1000 (mmol->gC). pCO2 mean=49822 ppm. Temperature_C = mean of water_temp_C col. pH = 5.371, reach-wide mean from Taillardart pH.csv (continuous 3-hourly logger, n=440, Jun-Aug 2020) -- this file has no site identifier (single fixed monitoring point), so per explicit user instruction the same mean pH is applied to every site rather than attributed to one station. No per-site GPP/ER in supplement, so External/Internal applies the paper's own reach-level partition directly to this site's CO2_flux (per explicit user instruction): External = 0.81 x CO2_flux = NA gC/m2/d (porewater), Internal = 0.17 x CO2_flux = NA gC/m2/d (metabolism); the remaining 2% (CH4 oxidation) is a separate pathway not included in either term, so Internal+External sums to 98% of CO2_flux, not 100%. NEEDS REVIEW: Site_ID 'PW' likely denotes a porewater/endmember sample, not a stream reach -- confirm before treating as a comparable site. FLAG: MISSING",Taillardart Supplement.csv (per-site Q/pCO2/flux table),Boreal,101.1
10.1016/j.scitotenv.2021.146230,"(Wang et al., 2021)","Hailiutu River catchment (2645 km2), Yulin City, Shaanxi Province, semiarid northwest China",Hailiutu River (43 km studied reach),"semiarid, groundwater-fed perennial second-order stream; sand-dune/xeric-shrubland catchment",2.09,1.27,8.5,NOT REPORTED,1.74,3.92,"Groundwater-fed perennial stream with diffuse discharge; largely sustained by continuous groundwater discharge along the entire 43 km studied reach, quantified via radon-222 mass balance",Groundwater-fed,"Discharge = 2.09 m3/s, stream flow rate at the most downstream site during the May 2019 field campaign (Results 3.1) -- the reach-scale carbon budget below was measured during this campaign; longer-term annual mean at the gauging station is 2.41 m3/s (2001-2007, Site description). pH ~8.50 (Methods 2.2, approximate value stated for context on indirect CO2 calculation accuracy). Temperature_C NOT REPORTED: stream temperature was measured in the field (Methods 2.2) but no numeric summary value is given anywhere in the accessible text. CO2_flux = stream CO2 evasion rate FCO2air (Fick's Law, calibrated 222Rn gas-transfer velocity; Results 3.4/Fig. 6b), reach-averaged. Internal_Pathway = net internal CO2 production FCO2m (reach-scale dissolved O2 mass balance, RQ=0.85 per Song et al. 2018; Results 3.3/Fig. 5d) -- independently modeled, NOT recomputed via this pipeline's own RQ=1.0 formula (paper uses its own O2 mass-balance + RQ=0.85, different methodology than the GPP/ER time-series approach used elsewhere in this meta-analysis). External_Pathway = terrestrial CO2 input FCO2gw (222Rn/water mass balance x groundwater CO2 concentration; Results 3.2/Fig. 5c-d) -- also independently modeled. CO2_flux is NOT the residual of Internal+External here (unlike most papers in this pipeline): the paper's own carbon budget (Fig. 6a, Results 3.4) shows carbonate buffering removes 4.12 +/- 1.98 gC/m2/d from the volatile CO2 pool (precipitating calcite, calcite saturation index 1.03 +/- 0.15) before evasion, and a further 1.86 +/- 0.56 gC/m2/d is exported downstream as dissolved CO2 rather than evaded within this reach -- both are why Internal+External (5.66) substantially exceeds the measured local evasion rate (1.27).","Abstract + Results 3.1-3.4 + Fig. 6 (stream carbon budget), Wang et al. 2021",Arid,33
