Date,DIC,DOC,Distance_m,surface_elevation_m,WT_elevations,well_types,CO2_umol_L,CH4_umol_L,CO2_sat,CH4_sat,qL,CO2_molL,CH4_molL,lateral_CO2,lateral_CH4,DOC_flux,DIC_flux,ID,Well
2023-06-01T00:00:00Z,NA,15.12,-0.5,0,0.1492425651517973,stream,NA,NA,NA,NA,7.180996975243752e-8,NA,NA,NA,NA,29.23985422371869,NA,6,0
2023-06-01T00:00:00Z,NA,6.015151515,-0.5,0,0.06647335056907876,stream,NA,NA,NA,NA,1.2109282445531092e-6,NA,NA,NA,NA,36.92299240535672,NA,5,0
2023-07-04T00:00:00Z,NA,14.02,-0.5,0,0.15207249505408105,stream,NA,NA,NA,NA,2.3645711605099248e-7,NA,NA,NA,NA,83.11796958239735,NA,6,0
2023-07-04T00:00:00Z,NA,10.56969697,-0.5,0,0.1185637519526787,stream,NA,NA,NA,NA,1.9153747380605764e-6,NA,NA,NA,NA,42.602889540819135,NA,5,0
2023-07-07T00:00:00Z,NA,55.7,-0.5,0,0.16147567944486585,stream,NA,NA,NA,NA,2.5260470852026283e-7,NA,NA,NA,NA,283.68697257135454,NA,6,0
2023-07-07T00:00:00Z,NA,56.18,-0.5,0,0.0793945593951794,stream,NA,NA,NA,NA,2.252774593442553e-6,NA,NA,NA,NA,491.2540168788049,NA,5,0
2023-07-07T00:00:00Z,NA,59.57575758,-0.5,0,0.03643157973184625,stream,NA,NA,NA,NA,2.3366911206588342e-7,NA,NA,NA,NA,471.6685644739051,NA,9,0
2023-08-04T00:00:00Z,NA,46.194896,-0.5,0,0.7183314874205491,stream,NA,NA,NA,NA,1.0551664702135294e-6,NA,NA,NA,NA,6.107107765594794,NA,6,0
2023-08-04T00:00:00Z,NA,63.388648,-0.5,0,0.13941597761983396,stream,NA,NA,NA,NA,3.569815028028975e-7,NA,NA,NA,NA,45.986530580244626,NA,9,0
2023-09-08T00:00:00Z,NA,16.208788,-0.5,0,0.16668204457621072,stream,NA,NA,NA,NA,1.1016997703398418e-5,NA,NA,NA,NA,227.99246181509824,NA,5,0
2023-09-08T00:00:00Z,NA,41.65396,-0.5,0,0.35828794245001083,stream,NA,NA,NA,NA,4.571706325493584e-6,NA,NA,NA,NA,257.08459832549056,NA,6,0
2023-09-08T00:00:00Z,NA,78.09304,-0.5,0,0.08743414871445149,stream,NA,NA,NA,NA,6.727037402095098e-7,NA,NA,NA,NA,290.95467891118756,NA,9,0
2023-09-13T00:00:00Z,NA,67.66,-0.5,0,0.3047456802605912,stream,NA,NA,NA,NA,1.1714304161146734e-5,NA,NA,NA,NA,409.08926417864063,NA,5,0
2023-09-28T00:00:00Z,NA,5.869,-0.5,0,0.3609868988968752,stream,NA,NA,NA,NA,3.618950978551064e-6,NA,NA,NA,NA,27.97062311678217,NA,6,0
2023-09-28T00:00:00Z,NA,38.203192,-0.5,0,0.3940795127744103,stream,NA,NA,NA,NA,1.327502774698571e-5,NA,NA,NA,NA,178.05985678353343,NA,5,0
2023-09-28T00:00:00Z,NA,35.550736,-0.5,0,0.18881821657582704,stream,NA,NA,NA,NA,9.893772871400453e-7,NA,NA,NA,NA,39.37986220456406,NA,9,0
2023-11-01T00:00:00Z,9.661016357996262,61.817776,-0.5,0,0.12075868641247776,stream,NA,NA,NA,NA,1.191758427782231e-5,NA,NA,NA,NA,1525.0281980625982,238.3347205484766,5,0
2023-11-01T00:00:00Z,19.4622109970804,39.181768,-0.5,0,0.2529762877707573,stream,NA,NA,NA,NA,1.449505933465222e-6,NA,NA,NA,NA,251.92380367136045,125.13458357057993,6,0
2023-11-01T00:00:00Z,5.010630368671702,96.54864,-0.5,0,0.10198304144860028,stream,NA,NA,NA,NA,1.357880266788321e-6,NA,NA,NA,NA,527.9288453962163,27.398172623043354,9,0
2023-11-05T00:00:00Z,9.83430124643146,16.657352,-0.5,0,0.10752065731404171,stream,NA,NA,NA,NA,1.1638324769681608e-5,NA,NA,NA,NA,477.71027570647306,282.03442899047127,5,0
2023-11-05T00:00:00Z,18.12072673503348,34.52924,-0.5,0,0.22048399551344583,stream,NA,NA,NA,NA,1.2300005220575892e-6,NA,NA,NA,NA,301.49293158110567,158.22158338050187,6,0
2023-11-05T00:00:00Z,4.548724526939737,93.0292,-0.5,0,0.08675286092996436,stream,NA,NA,NA,NA,1.310261554530196e-6,NA,NA,NA,NA,685.7773279522665,33.531537965237476,9,0
2023-12-07T00:00:00Z,7.766530163263131,17.41,-0.5,0,0.1875366317399301,stream,NA,NA,NA,NA,1.283158980134615e-5,NA,NA,NA,NA,239.0049383306164,106.61913054069942,5,0
2023-12-07T00:00:00Z,18.418425154849295,19.739008,-0.5,0,0.2268865651367674,stream,NA,NA,NA,NA,4.3696775473633493e-7,NA,NA,NA,NA,55.57320841505189,51.855239118778115,6,0
2023-12-07T00:00:00Z,4.276041889983421,36.271792,-0.5,0,0.09031375820327406,stream,NA,NA,NA,NA,6.801937288282505e-7,NA,NA,NA,NA,127.81037455747932,15.067425275879751,9,0
2024-02-08T00:00:00Z,NA,81.0116,-0.5,0,0.2783946597763325,stream,NA,NA,NA,NA,9.47266885462047e-6,NA,NA,NA,NA,453.8950898393091,NA,5,0
2024-02-08T00:00:00Z,NA,57.66312,-0.5,0,0.3650540763202738,stream,NA,NA,NA,NA,2.5557269129694323e-6,NA,NA,NA,NA,186.8047739731378,NA,6,0
2024-02-08T00:00:00Z,NA,85.47528,-0.5,0,0.28376764889893424,stream,NA,NA,NA,NA,1.767469916703842e-6,NA,NA,NA,NA,72.529853347781,NA,9,0
2024-03-04T00:00:00Z,7.846787710035337,36.005688,-0.5,0,0.21945486282580948,stream,NA,NA,NA,NA,1.2830271473364654e-5,NA,NA,NA,NA,390.4302697580944,85.08720739799769,5,0
2024-03-04T00:00:00Z,NA,67.182776,-0.5,0,0.33160458488749156,stream,NA,NA,NA,NA,3.613721216603475e-6,NA,NA,NA,NA,427.5129594373577,NA,6,0
2024-03-04T00:00:00Z,NA,77.23464,-0.5,0,0.19603191835754297,stream,NA,NA,NA,NA,2.706278163007907e-6,NA,NA,NA,NA,216.52499684849505,NA,9,0
2024-03-25T00:00:00Z,7.146882663094938,34.22,-0.5,0,0.2007007543885216,stream,NA,NA,NA,NA,1.0089415363904155e-5,NA,NA,NA,NA,333.23930718741383,69.5973765984657,5,0
2024-03-25T00:00:00Z,7.146882663094938,34.22,-0.5,0,0.2007007543885216,stream,NA,NA,NA,NA,1.0089415363904155e-5,NA,NA,NA,NA,333.23930718741383,69.5973765984657,5,0
2024-03-25T00:00:00Z,13.314452574892195,30.92,-0.5,0,0.3271569855392675,stream,NA,NA,NA,NA,2.650064196387323e-6,NA,NA,NA,NA,151.01760491055427,65.02964872430083,6,0
2024-03-25T00:00:00Z,13.314452574892195,30.92,-0.5,0,0.3271569855392675,stream,NA,NA,NA,NA,2.650064196387323e-6,NA,NA,NA,NA,151.01760491055427,65.02964872430083,6,0
2024-03-25T00:00:00Z,5.092940195156711,66.34,-0.5,0,0.19217278226764253,stream,NA,NA,NA,NA,1.9073824049996952e-6,NA,NA,NA,NA,136.47919785413268,10.477545863039763,9,0
2024-04-18T00:00:00Z,5.3556,76.43385,-0.5,0,0.27567169330142904,stream,NA,NA,NA,NA,9.089324590862489e-7,NA,NA,NA,NA,229.34367616359836,16.069751714217816,6,0
2024-04-18T00:00:00Z,5.3556,76.43385,-0.5,0,0.27567169330142904,stream,NA,NA,NA,NA,9.089324590862489e-7,NA,NA,NA,NA,229.34367616359836,16.069751714217816,6,0
2024-04-18T00:00:00Z,5.3556,76.43385,-0.5,0,0.27567169330142904,stream,NA,NA,NA,NA,9.089324590862489e-7,NA,NA,NA,NA,229.34367616359836,16.069751714217816,6,0
2024-04-18T00:00:00Z,2.65645,39.25069,-0.5,0,0.147406816631815,stream,NA,NA,NA,NA,5.764822488130861e-6,NA,NA,NA,NA,347.36846802602156,23.50957312821061,5,0
2024-04-18T00:00:00Z,2.65645,39.25069,-0.5,0,0.147406816631815,stream,NA,NA,NA,NA,5.764822488130861e-6,NA,NA,NA,NA,347.36846802602156,23.50957312821061,5,0
2024-04-18T00:00:00Z,2.65645,39.25069,-0.5,0,0.147406816631815,stream,NA,NA,NA,NA,5.764822488130861e-6,NA,NA,NA,NA,347.36846802602156,23.50957312821061,5,0
2024-04-18T00:00:00Z,2.65645,39.25069,-0.5,0,0.147406816631815,stream,NA,NA,NA,NA,5.764822488130861e-6,NA,NA,NA,NA,347.36846802602156,23.50957312821061,5,0
2024-05-08T00:00:00Z,3.6351,14.244716,-0.5,0,0.090934675715505,stream,NA,NA,NA,NA,3.231882155454068e-6,NA,NA,NA,NA,145.7669447060145,37.19817374392254,5,0
2024-05-08T00:00:00Z,3.6351,14.244716,-0.5,0,0.090934675715505,stream,NA,NA,NA,NA,3.231882155454068e-6,NA,NA,NA,NA,145.7669447060145,37.19817374392254,5,0
2024-05-08T00:00:00Z,6.3657,80.28966,-0.5,0,0.11398360768749512,stream,NA,NA,NA,NA,1.4634638516255536e-7,NA,NA,NA,NA,776.6779967145881,61.57827949061004,6,0
2024-05-08T00:00:00Z,3.75091,103.06584,-0.5,0,0.01858250002214294,stream,NA,NA,NA,NA,3.406924264136777e-8,NA,NA,NA,NA,410.18191408867744,14.927889234438506,9,0
2024-05-30T00:00:00Z,3.35982,15.252009,-0.5,0,0.03865729843347802,stream,NA,NA,NA,NA,1.1165182589308032e-6,NA,NA,NA,NA,193.96543281726431,42.728072117456854,5,0
2024-05-30T00:00:00Z,3.35982,15.252009,-0.5,0,0.03865729843347802,stream,NA,NA,NA,NA,1.1165182589308032e-6,NA,NA,NA,NA,193.96543281726431,42.728072117456854,5,0
2024-05-30T00:00:00Z,3.35982,15.252009,-0.5,0,0.03865729843347802,stream,NA,NA,NA,NA,1.1165182589308032e-6,NA,NA,NA,NA,193.96543281726431,42.728072117456854,5,0
2024-05-30T00:00:00Z,5.474,83.458,-0.5,0,0.05913853645889135,stream,NA,NA,NA,NA,1.805548563344522e-8,NA,NA,NA,NA,925.106234101565,60.677604609168284,6,0
2024-05-30T00:00:00Z,5.474,83.458,-0.5,0,0.05913853645889135,stream,NA,NA,NA,NA,1.805548563344522e-8,NA,NA,NA,NA,925.106234101565,60.677604609168284,6,0
2024-05-30T00:00:00Z,5.474,83.458,-0.5,0,0.05913853645889135,stream,NA,NA,NA,NA,1.805548563344522e-8,NA,NA,NA,NA,925.106234101565,60.677604609168284,6,0
2024-07-11T00:00:00Z,10.124899999999998,87.37359000000001,-0.5,0,0.1466827115472416,stream,NA,NA,NA,NA,1.3450844837182262e-8,NA,NA,NA,NA,32.80437514744466,3.8013891603900256,6,0
2024-07-11T00:00:00Z,10.124899999999998,87.37359000000001,-0.5,0,0.1466827115472416,stream,NA,NA,NA,NA,1.3450844837182262e-8,NA,NA,NA,NA,32.80437514744466,3.8013891603900256,6,0
2024-07-11T00:00:00Z,23.5559,57.66293,-0.5,0,0.3167094279643104,stream,NA,NA,NA,NA,6.731370309374179e-7,NA,NA,NA,NA,18.90843916730959,7.724291883558952,5,0
2024-07-11T00:00:00Z,23.5559,57.66293,-0.5,0,0.3167094279643104,stream,NA,NA,NA,NA,6.731370309374179e-7,NA,NA,NA,NA,18.90843916730959,7.724291883558952,5,0
2024-07-29T00:00:00Z,3.15077,72.72749,-0.5,0,0.47694777291652474,stream,NA,NA,NA,NA,2.842821868031006e-6,NA,NA,NA,NA,54.50147760246105,2.3611652290695884,5,0
2024-07-29T00:00:00Z,6.1696,81.87383,-0.5,0,0.3028582057164121,stream,NA,NA,NA,NA,2.2049569767743422e-7,NA,NA,NA,NA,43.19979545165811,3.2553192884533413,6,0
2024-07-29T00:00:00Z,2.73489,92.69401,-0.5,0,0.14969712289074938,stream,NA,NA,NA,NA,1.6230476997121997e-7,NA,NA,NA,NA,27.222425737518886,0.8031839374009498,9,0
2024-08-01T00:00:00Z,9.5181,60.59215,-0.5,0,0.29203267406534833,stream,NA,NA,NA,NA,3.523767414378864e-6,NA,NA,NA,NA,117.51903064800034,18.4604422455835,5,0
2024-08-01T00:00:00Z,6.3324,130.11629,-0.5,0,0.2592839784164421,stream,NA,NA,NA,NA,4.706909739152692e-7,NA,NA,NA,NA,248.3153065851024,12.084819259905908,6,0
2024-08-01T00:00:00Z,3.27916,97.5063,-0.5,0,0.06644429758556498,stream,NA,NA,NA,NA,3.4562445824244377e-7,NA,NA,NA,NA,320.6142310889614,10.78233264945628,9,0
2024-08-22T00:00:00Z,7.324,96.25092,-0.5,0,0.07779465089233188,stream,NA,NA,NA,NA,5.084185808825146e-6,NA,NA,NA,NA,1959.3918560446182,149.09557179994522,5,0
2024-08-23T00:00:00Z,4.7266,91.67775,-0.5,0,0.4131287863974326,stream,NA,NA,NA,NA,3.3240777466014726e-6,NA,NA,NA,NA,252.15363316773178,13.00020302124126,6,0
2024-08-23T00:00:00Z,2.56913,62.56489,-0.5,0,0.06375445776865592,stream,NA,NA,NA,NA,4.9797133930920985e-6,NA,NA,NA,NA,1672.3336455373917,68.67178282834796,5,0
2024-08-23T00:00:00Z,3.70096,150.4116,-0.5,0,0.22330620492409825,stream,NA,NA,NA,NA,2.8004057990806997e-6,NA,NA,NA,NA,331.4183535074233,8.154730550016312,9,0
2024-09-13T00:00:00Z,3.910379999999999,109.88076,-0.5,0,0.25082669577926575,stream,NA,NA,NA,NA,3.87981479291418e-6,NA,NA,NA,NA,264.497213212974,9.41279085259102,9,0
2024-09-13T00:00:00Z,4.9227,75.92572000000001,-0.5,0,0.6451116804331511,stream,NA,NA,NA,NA,6.8530839686054794e-6,NA,NA,NA,NA,94.08199561128676,6.099875507215225,6,0
2024-09-13T00:00:00Z,3.21478,59.87479,-0.5,0,0.2893101036851425,stream,NA,NA,NA,NA,4.9350006585279715e-6,NA,NA,NA,NA,164.954365579059,8.856682342873308,5,0
2024-09-18T00:00:00Z,1.83061,55.570629999999994,-0.5,0,0.19772320514338024,stream,NA,NA,NA,NA,5.472120363845411e-6,NA,NA,NA,NA,300.41260347750153,9.896204452818857,5,0
2024-09-18T00:00:00Z,3.28582,77.42022000000001,-0.5,0,0.5886156029887821,stream,NA,NA,NA,NA,7.536163148635132e-6,NA,NA,NA,NA,144.37548081818227,6.127492822701868,6,0
2024-09-18T00:00:00Z,2.61538,120.37215,-0.5,0,0.2172525537475316,stream,NA,NA,NA,NA,4.0707034477293235e-6,NA,NA,NA,NA,409.9338834174702,8.906818396218586,9,0
2024-10-04T00:00:00Z,2.37303,80.28966,-0.5,0,0.42756115791951943,stream,NA,NA,NA,NA,8.316457982613584e-6,NA,NA,NA,NA,490.72505055235337,14.503801195723721,6,0
2024-10-04T00:00:00Z,1.35442,51.98383,-0.5,0,0.13001805807807423,stream,NA,NA,NA,NA,6.231401783689824e-6,NA,NA,NA,NA,600.0719993408184,15.634660188508448,5,0
2024-10-04T00:00:00Z,1.20494,117.68205,-0.5,0,0.19368252554686924,stream,NA,NA,NA,NA,4.6171831335339265e-6,NA,NA,NA,NA,576.6884666024185,5.9046813082192084,9,0
2024-10-25T00:00:00Z,1.7532799999999995,74.132320000000007,-0.5,0,0.3700213575252328,stream,NA,NA,NA,NA,3.475332114099376e-6,NA,NA,NA,NA,311.4566789267056,7.36616317995463,6,0
2024-10-25T00:00:00Z,NA,40.466899999999995,-0.5,0,0.05697551688809674,stream,NA,NA,NA,NA,4.5361294689933946e-6,NA,NA,NA,NA,1172.3724003991124,NA,5,0
2024-10-25T00:00:00Z,NA,107.9156,-0.5,0,0.18907045338566195,stream,NA,NA,NA,NA,2.7689755376646945e-6,NA,NA,NA,NA,333.4941221391221,NA,9,0
2024-11-22T00:00:00Z,3.74906,79.27340000000001,-0.5,0,0.18724196474366997,stream,133.21478303103356,2.1557309295904257,7.3162746978429,25.940233158050113,5.785179233553112e-7,1.3321478303103356e-4,2.155730929590426e-6,0.011223452336098573,1.8162206015885814e-4,556.5706286348667,26.321776043286057,6,0
2024-11-22T00:00:00Z,1.91275,111.04647,-0.5,0,0.0767954910734997,stream,26.109561366720573,0.2560504789368973,0.9855752922475844,2.7455809067734545,5.768456447261992e-7,2.6109561366720575e-5,2.560504789368973e-7,0.001310935544788854,1.285604416650332e-5,464.6278892550315,8.003108925232485,9,0
2024-11-22T00:00:00Z,1.91275,111.04647,-0.5,0,0.0767954910734997,stream,35.84570005200632,0.3018386442459496,1.3530919117471465,3.236558752043186,5.768456447261992e-7,3.584570005200632e-5,3.018386442459496e-7,0.0017997775476194067,1.5155023172363345e-5,464.6278892550315,8.003108925232485,9,0
2024-11-22T00:00:00Z,2.26425,22.500334,-0.5,0,0.03451131112052436,stream,38.427256840416504,0.46103677362529105,1.8074953874412485,4.735317194987981,3.497537796831044e-6,3.8427256840416505e-5,4.6103677362529105e-7,0.02186025296600386,2.6227166149104386e-4,1066.653883861269,107.33934245299997,5,0
2024-11-22T00:00:00Z,2.26425,22.500334,-0.5,0,0.03451131112052436,stream,37.72833058441964,0.5560710538523331,1.7746201294148358,5.711416037893236,3.497537796831044e-6,3.7728330584419636e-5,5.560710538523331e-7,0.021462652251903344,3.1633415715220237e-4,1066.653883861269,107.33934245299997,5,0
2024-12-12T00:00:00Z,0.699113,18.93737,-0.5,0,0.06886745500763732,stream,NA,NA,NA,NA,3.671385344274996e-6,NA,NA,NA,NA,333.9727783321715,12.329310299061557,5,0
2024-12-12T00:00:00Z,0.730156,18.79184,-0.5,0,0.06597459967647219,stream,NA,NA,NA,NA,3.333480983640632e-7,NA,NA,NA,NA,62.24542936329474,2.4185430336883367,9,0
2024-12-12T00:00:00Z,0.721313,-0.06780850000000001,-0.5,0,0.15157050541373826,stream,NA,NA,NA,NA,3.7796059142718424e-7,NA,NA,NA,NA,-0.6545659498876031,6.9629460762482065,6,0
2024-12-13T00:00:00Z,1.8184,74.6219,-0.5,0,0.1484061415675282,stream,117.6193661440664,0.6225829747370607,5.991114214961629,6.948126963198476,3.7616905999678884e-7,1.176193661440664e-4,6.225829747370607e-7,0.014559367113193973,7.70656600590643e-5,769.7482653872032,18.7573654085475,6,0
2024-12-13T00:00:00Z,1.8184,74.6219,-0.5,0,0.1484061415675282,stream,158.0357558154204,0.8299906330327061,8.049782056963878,9.262830065361616,3.7616905999678884e-7,1.580357558154204e-4,8.299906330327062e-7,0.019562259697178785,1.0273935936735233e-4,769.7482653872032,18.7573654085475,6,0
2024-12-13T00:00:00Z,1.26044,95.1743,-0.5,0,0.05522822765925247,stream,35.05831624905311,0.40671555150572297,1.2148181491580206,4.003403992080481,3.319822094663744e-7,3.5058316249053104e-5,4.0671555150572297e-7,0.002003812953115924,2.324646410715365e-5,453.3196769180547,6.003535130540417,9,0
2024-12-13T00:00:00Z,1.26044,95.1743,-0.5,0,0.05522822765925247,stream,38.00287322442101,0.4173401338301747,1.31685103714657,4.107984441818458,3.319822094663744e-7,3.800287322442101e-5,4.173401338301747e-7,0.0021721137170919867,2.3853728743936025e-5,453.3196769180547,6.003535130540417,9,0
2024-12-13T00:00:00Z,1.95752,19.28783,-0.5,0,0.05573985008109855,stream,44.87775882635439,0.6026870721029479,1.9861621423352205,5.8243988666415705,3.7004470832604067e-6,4.487775882635439e-5,6.026870721029479e-7,0.013158518211510331,1.767126750868701e-4,471.27884902025625,47.83004477611696,5,0
2024-12-13T00:00:00Z,1.95752,19.28783,-0.5,0,0.05573985008109855,stream,45.401252644493,0.5808354030957166,2.0093304918812955,5.613223213319767,3.7004470832604067e-6,4.5401252644493e-5,5.808354030957165e-7,0.013312010790456692,1.7030559077376722e-4,471.27884902025625,47.83004477611696,5,0
2025-01-27T00:00:00Z,4.9486,54.128899999999994,-0.5,0,0.3912959630115067,stream,104.4249485070822,0.1521428661814637,4.825436802286566,1.540372288357483,7.637226192962547e-7,1.044249485070822e-4,1.5214286618146368e-7,9.555696316279212e-4,1.392225753235371e-6,41.276800366275026,3.7736287693366872,6,0
2025-01-27T00:00:00Z,4.9486,54.128899999999994,-0.5,0,0.3912959630115067,stream,123.32189974443747,0.20910633185302344,5.698657668137073,2.117099585348315,7.637226192962547e-7,1.2332189974443748e-4,2.0910633185302343e-7,0.0011284914572158523,1.9134858418082695e-6,41.276800366275026,3.7736287693366872,6,0
2025-01-27T00:00:00Z,4.9486,54.128899999999994,-0.5,0,0.3912959630115067,stream,12.519776595462709,0.0027346093190009,0.5785340725933369,0.02768658511697165,7.637226192962547e-7,1.251977659546271e-5,2.7346093190009e-9,1.1456570944422148e-4,2.502380568017945e-8,41.276800366275026,3.7736287693366872,6,0
2025-01-27T00:00:00Z,2.85403,73.3151,-0.5,0,0.19666601053481816,stream,53.9604968665338,0.23499993906279537,1.8719207148457648,2.3157820420647752,5.973861271883034e-7,5.39604968665338e-5,2.3499993906279536e-7,3.9787355100124596e-4,1.7327538786615492e-6,45.04860171315237,1.7536641257720202,9,0
2025-01-27T00:00:00Z,2.85403,73.3151,-0.5,0,0.19666601053481816,stream,42.26328385684004,0.18301981221510408,1.4661376585301893,1.8035493803109064,5.973861271883034e-7,4.226328385684004e-5,1.8301981221510408e-7,3.116250553935038e-4,1.3494824328566685e-6,45.04860171315237,1.7536641257720202,9,0
2025-01-27T00:00:00Z,2.7656,34.64569999999999,-0.5,0,0.2168534590216034,stream,28.90379384173551,0.1834197217949654,1.2673672086491798,1.8518679668332456,5.544939068940136e-6,2.890379384173551e-5,1.834197217949654e-7,0.0016546687008534315,1.0500312672972967e-5,165.2815189909442,13.193630635875605,5,0
2025-02-20T00:00:00Z,4.9634,58.6433,-0.5,0,0.35482346873784654,stream,NA,NA,NA,NA,2.3797951958313083e-6,NA,NA,NA,NA,194.7789160501595,16.48552642711719,6,0
2025-02-20T00:00:00Z,2.38117,74.6219,-0.5,0,0.1648166534211855,stream,58.02826338996828,0.3284983216057991,2.226057063262072,3.5797137193398143,1.3864821227370948e-6,5.8028263389968284e-5,3.2849832160579914e-7,0.0014341164716824215,8.118541317856307e-6,153.68444284217986,4.904040030641319,9,0
2025-02-20T00:00:00Z,2.38117,74.6219,-0.5,0,0.1648166534211855,stream,56.21722860467009,0.3613235689330776,2.1565828701687235,3.937417185292947,1.3864821227370948e-6,5.621722860467009e-5,3.613235689330776e-7,0.001389358371669472,8.929787857542305e-6,153.68444284217986,4.904040030641319,9,0
2025-02-20T00:00:00Z,NA,35.507,-0.5,0,0.2553345893055422,stream,NA,NA,NA,NA,8.428085679512773e-6,NA,NA,NA,NA,201.44197194656792,NA,5,0
2025-02-28T00:00:00Z,2.3179,76.96820000000001,-0.5,0,0.13403969792788065,stream,51.1032301350129,0.25379371717410737,2.5115519288110857,3.0338658444166784,1.809957333697683e-6,5.11032301350129e-5,2.537937171741074e-7,0.0025315874176418357,1.2572609977433058e-5,317.74202622767854,9.568812088539628,9,0
2025-02-28T00:00:00Z,2.3179,76.96820000000001,-0.5,0,0.13403969792788065,stream,49.18857562998189,0.24271485793929348,2.417453097828916,2.90142847361863,1.809957333697683e-6,4.918857562998189e-5,2.427148579392935e-7,0.0024367379288470596,1.2023777730105824e-5,317.74202622767854,9.568812088539628,9,0
2025-02-28T00:00:00Z,3.74647,58.4651,-0.5,0,0.28973214537338127,stream,108.04094371513322,0.2438112915398067,4.482644840785196,2.8955875211270405,2.7287198028445023e-6,1.0804094371513322e-4,2.438112915398067e-7,0.009875570740326182,2.2285770320926923e-5,445.337519768267,28.537429298610952,6,0
2025-02-28T00:00:00Z,3.74647,58.4651,-0.5,0,0.28973214537338127,stream,116.21935452018135,0.31689601871272854,4.8219690797305095,3.7635671075127486,2.7287198028445023e-6,1.1621935452018135e-4,3.1689601871272856e-7,0.01062312506252513,2.8966139525555907e-5,445.337519768267,28.537429298610952,6,0
2025-02-28T00:00:00Z,2.64979,35.8931,-0.5,0,0.16245476339437534,stream,60.7230918065281,0.3881684060013577,3.3170779501344274,4.790761513295886,9.950683206961548e-6,6.0723091806528106e-5,3.881684060013577e-7,0.009619781049047954,6.149382326888655e-5,473.8501626801538,34.98174920996639,5,0
2025-02-28T00:00:00Z,2.64979,35.8931,-0.5,0,0.16245476339437534,stream,22.548931522353183,0.13260694918730864,1.2317647426484928,1.6366305416415556,9.950683206961548e-6,2.2548931522353182e-5,1.3260694918730865e-7,0.0035722124431037845,2.1007655882024707e-5,473.8501626801538,34.98174920996639,5,0
2025-03-11T00:00:00Z,4.8228,52.61419999999999,-0.5,0,0.4176514353028705,stream,NA,NA,NA,NA,2.7899745471077477e-6,NA,NA,NA,NA,117.42484284371939,10.763568239499792,6,0
2025-03-11T00:00:00Z,3.5603599999999997,64.91,-0.5,0,0.27025209156478913,stream,NA,NA,NA,NA,2.1689318997879383e-6,NA,NA,NA,NA,74.79063651898075,4.102319991322112,9,0
2025-04-16T00:00:00Z,4.10611,67.2563,-0.5,0,0.194673192143587,stream,NA,NA,NA,NA,9.118961960944462e-7,NA,NA,NA,NA,660.2418563999952,40.30887350304112,6,0
2025-04-16T00:00:00Z,2.8825200000000004,34.25959999999999,-0.5,0,0.05560707009525906,stream,NA,NA,NA,NA,3.730211316583016e-6,NA,NA,NA,NA,846.2559234248553,71.20192951437303,5,0
2025-04-16T00:00:00Z,1.92866,93.0062,-0.5,0,0.06530324780929282,stream,NA,NA,NA,NA,5.61788177490212e-7,NA,NA,NA,NA,529.3288243971556,10.976637368926136,9,0
2025-01-04T00:00:00Z,NA,NA,-0.5,0,0.05255425950245844,stream,58.76933209607773,-1.2298515700660542,2.1473103034146224,-0.2256938419581284,4.39522344647766e-6,5.8769332096077735e-5,-1.2298515700660541e-6,0.022354922773621073,-4.678160511828953e-4,NA,NA,5,0
2025-01-04T00:00:00Z,NA,NA,-0.5,0,0.05255425950245844,stream,31.742270587521112,-1.523981914944878,1.1597971638494773,-0.2796706056488929,4.39522344647766e-6,3.1742270587521114e-5,-1.523981914944878e-6,0.012074256799164417,-5.796985741014001e-4,NA,NA,5,0
2025-03-12T00:00:00Z,NA,NA,-0.5,0,0.3289333160484501,stream,10.239264963098174,-0.0056842600412822,0.5580958440112768,-0.06999975359260059,1.0965248899341058e-5,1.0239264963098174e-5,-5.6842600412821996e-9,6.202503755529403e-4,-3.4432788271933427e-7,NA,NA,5,0
2025-03-26T00:00:00Z,NA,NA,-0.5,0,0.10697961127147557,stream,35.201869590378834,0.18155123417579236,1.7815427415645728,2.0647650912338595,8.834603988857754e-6,3.5201869590378835e-5,1.8155123417579236e-7,0.009262944271285219,4.7773001380956444e-5,NA,NA,5,0
2025-01-10T00:00:00Z,NA,NA,-0.5,0,0.11303179197267516,stream,378.5951093484877,5.770973238683274,18.443658729277608,61.59747070028314,2.995519022213106e-7,3.785951093484877e-4,5.7709732386832735e-6,0.0949264550485618,0.0014469759862219126,NA,NA,6,0
2025-03-26T00:00:00Z,NA,NA,-0.5,0,0.2608464014130827,stream,55.28928031253993,0.48970337802557146,2.735790349242903,6.003061007426424,2.13013408362816e-6,5.528928031253993e-5,4.897033780255714e-7,0.005645420699810155,5.0002126478132065e-5,NA,NA,6,0
2025-01-04T00:00:00Z,NA,NA,-0.5,0,0.0494793962315198,stream,53.350946710293655,0.4568629188580239,1.8220374578295144,4.432201564354462,3.3902639252729064e-7,5.335094671029366e-5,4.5686291885802386e-7,0.003922052710038418,3.358591664273977e-5,NA,NA,9,0
2025-03-26T00:00:00Z,NA,NA,-0.5,0,0.10913396629823566,stream,37.1065494907821,0.3029543841199254,1.7983804752845145,3.3031992348225003,1.636286758523443e-6,3.71065494907821e-5,3.0295438411992543e-7,0.0025471245526915514,2.0795858432730417e-5,NA,NA,9,0
2024-01-09T00:00:00Z,NA,NA,-0.5,0,0.4175682471061911,stream,NA,NA,NA,NA,9.217770726594701e-6,NA,NA,NA,NA,NA,NA,5,0
2024-01-09T00:00:00Z,NA,NA,-0.5,0,0.48515583167529974,stream,NA,NA,NA,NA,3.678788014767546e-6,NA,NA,NA,NA,NA,NA,6,0
2024-01-09T00:00:00Z,NA,NA,-0.5,0,0.29165270254782943,stream,NA,NA,NA,NA,2.1854224386695793e-6,NA,NA,NA,NA,NA,NA,9,0
2024-01-15T00:00:00Z,NA,NA,-0.5,0,0.3699614284077053,stream,NA,NA,NA,NA,1.0169449408582827e-5,NA,NA,NA,NA,NA,NA,5,0
2024-01-15T00:00:00Z,NA,NA,-0.5,0,0.514821996776861,stream,NA,NA,NA,NA,3.9271523911371686e-6,NA,NA,NA,NA,NA,NA,6,0
2024-01-15T00:00:00Z,NA,NA,-0.5,0,0.3542406263833505,stream,NA,NA,NA,NA,2.078709814841094e-6,NA,NA,NA,NA,NA,NA,9,0
2024-11-01T00:00:00Z,NA,NA,-0.5,0,0.04217687132343951,stream,NA,NA,NA,NA,3.878916574355414e-6,NA,NA,NA,NA,NA,NA,5,0
2024-10-10T00:00:00Z,NA,NA,-0.5,0,0.6072117135143361,stream,NA,NA,NA,NA,6.001296429640878e-6,NA,NA,NA,NA,NA,NA,5,0
2024-11-01T00:00:00Z,NA,NA,-0.5,0,0.04217687132343951,stream,NA,NA,NA,NA,3.878916574355414e-6,NA,NA,NA,NA,NA,NA,5,0
2024-12-08T00:00:00Z,NA,NA,-0.5,0,0.038909535243313,stream,NA,NA,NA,NA,3.569674408272118e-6,NA,NA,NA,NA,NA,NA,5,0
2024-12-08T00:00:00Z,NA,NA,-0.5,0,0.12138067230679932,stream,NA,NA,NA,NA,3.86245241932351e-7,NA,NA,NA,NA,NA,NA,6,0
NA,NA,NA,-0.5,0,NA,stream,NA,NA,NA,NA,NA,NA,NA,NA,NA,NA,NA,5,0
2023-05-01T00:00:00Z,NA,NA,-0.5,0,0.0976658205841664,stream,NA,NA,NA,NA,1.5912074046774027e-8,NA,NA,NA,NA,NA,NA,6,0
2023-04-03T00:00:00Z,NA,NA,-0.5,0,0.06849680209241817,stream,NA,NA,NA,NA,7.233638009578747e-6,NA,NA,NA,NA,NA,NA,5,0
2023-04-03T00:00:00Z,NA,NA,-0.5,0,0.12012740565369842,stream,NA,NA,NA,NA,2.56016576578241e-7,NA,NA,NA,NA,NA,NA,6,0
2023-05-01T00:00:00Z,NA,NA,-0.5,0,0.08191918565655305,stream,NA,NA,NA,NA,4.337484753188702e-6,NA,NA,NA,NA,NA,NA,5,0
2034-04-03T00:00:00Z,NA,NA,-0.5,0,NA,stream,NA,NA,NA,NA,NA,NA,NA,NA,NA,NA,NA,6,0
2023-05-01T00:00:00Z,NA,NA,-0.5,0,0.0976658205841664,stream,NA,NA,NA,NA,1.5912074046774027e-8,NA,NA,NA,NA,NA,NA,6,0
2024-06-19T00:00:00Z,NA,NA,-0.5,0,NA,stream,NA,NA,NA,NA,NA,NA,NA,NA,NA,NA,NA,5,0
2025-07-29T00:00:00Z,NA,NA,-0.5,0,NA,stream,NA,NA,NA,NA,NA,NA,NA,NA,NA,NA,NA,6,0
2022-07-29T00:00:00Z,NA,NA,-0.5,0,0.06045472511399553,stream,NA,NA,NA,NA,5.822504353868822e-7,NA,NA,NA,NA,NA,NA,5,0
2023-08-02T00:00:00Z,NA,NA,-0.5,0,0.43543641367003033,stream,NA,NA,NA,NA,4.430758776064818e-6,NA,NA,NA,NA,NA,NA,5,0
2023-08-02T00:00:00Z,NA,NA,-0.5,0,0.659625120007815,stream,NA,NA,NA,NA,8.536928721535919e-7,NA,NA,NA,NA,NA,NA,6,0
2023-08-02T00:00:00Z,NA,NA,-0.5,0,0.1873210544905938,stream,NA,NA,NA,NA,3.365162234924496e-7,NA,NA,NA,NA,NA,NA,9,0
2024-08-30T00:00:00Z,NA,NA,-0.5,0,0.06910523957411556,stream,NA,NA,NA,NA,4.117775050463732e-6,NA,NA,NA,NA,NA,NA,5,0
2024-08-30T00:00:00Z,NA,NA,-0.5,0,0.06910523957411556,stream,NA,NA,NA,NA,4.117775050463732e-6,NA,NA,NA,NA,NA,NA,5,0
2024-08-30T00:00:00Z,NA,NA,-0.5,0,0.4870404945355345,stream,NA,NA,NA,NA,4.616008962391615e-6,NA,NA,NA,NA,NA,NA,6,0
2020-09-13T00:00:00Z,NA,NA,-0.5,0,NA,stream,NA,NA,NA,NA,NA,NA,NA,NA,NA,NA,NA,6,0
2023-09-13T00:00:00Z,NA,NA,-0.5,0,0.21621041151173204,stream,NA,NA,NA,NA,7.382595309995445e-7,NA,NA,NA,NA,NA,NA,9,0
2024-08-30T00:00:00Z,NA,NA,-0.5,0,0.4870404945355345,stream,NA,NA,NA,NA,4.616008962391615e-6,NA,NA,NA,NA,NA,NA,6,0
NA,NA,NA,-0.5,0,NA,stream,NA,NA,NA,NA,NA,NA,NA,NA,NA,NA,NA,5,0
NA,NA,NA,-0.5,0,NA,stream,NA,NA,NA,NA,NA,NA,NA,NA,NA,NA,NA,9,0
2024-09-08T00:00:00Z,NA,NA,-0.5,0,0.1706262294342772,stream,NA,NA,NA,NA,3.6844439388520247e-6,NA,NA,NA,NA,NA,NA,9,0
2023-09-29T00:00:00Z,NA,NA,-0.5,0,0.34073154040247466,stream,NA,NA,NA,NA,1.3348440518730926e-5,NA,NA,NA,NA,NA,NA,5,0
2023-09-29T00:00:00Z,NA,NA,-0.5,0,0.34777506448952317,stream,NA,NA,NA,NA,3.558844459646262e-6,NA,NA,NA,NA,NA,NA,6,0
2023-09-29T00:00:00Z,NA,NA,-0.5,0,0.1830547070884352,stream,NA,NA,NA,NA,1.010081453422476e-6,NA,NA,NA,NA,NA,NA,9,0
2024-05-08T00:00:00Z,10.827899999999998,117.32337,0.3048,0,-0.405,RW,NA,NA,NA,NA,3.406924264136777e-8,NA,NA,NA,NA,466.9240989442682,43.0929272740686,9,1
2024-05-08T00:00:00Z,43.695,100.94365,1.2192,6.972999999999999,7.257999999999999,RW,NA,NA,NA,NA,3.231882155454068e-6,NA,NA,NA,NA,1032.9617977622916,447.13328429498364,5,3
2024-05-08T00:00:00Z,30.3195,119.74446,1.524,3.4299999999999997,2.4999999999999996,RW,NA,NA,NA,NA,3.406924264136777e-8,NA,NA,NA,NA,476.5595642971045,120.66568849787338,9,2
2024-05-08T00:00:00Z,38.33,75.41759,0.3,0.42600000000000193,-0.5689999999999982,RW,NA,NA,NA,NA,3.406924264136777e-8,NA,NA,NA,NA,300.14727888653607,152.54591401980528,9,4
2024-05-08T00:00:00Z,36.4393,111.22581,4.2672,0.3539999999999992,-0.4160000000000007,RW,NA,NA,NA,NA,3.406924264136777e-8,NA,NA,NA,NA,442.65700101860676,145.02129727998673,9,3
2024-05-08T00:00:00Z,35.0259,55.00272,2.1336,4.082999999999998,3.7929999999999984,RW,NA,NA,NA,NA,3.231882155454068e-6,NA,NA,NA,NA,562.8457910231693,358.4219178942138,5,2
2024-05-08T00:00:00Z,33.0982,92.54456,4.8768,3.7040000000000006,4.0440000000000005,RW,NA,NA,NA,NA,3.231882155454068e-6,NA,NA,NA,NA,947.0134582088152,338.6956601499537,5,5
2024-05-08T00:00:00Z,45.064,100.91376,7.62,-3.325000000000003,-4.2150000000000025,upland,NA,NA,NA,NA,1.4634638516255536e-7,NA,NA,NA,NA,976.1841930547063,435.92434248627035,6,5
2024-05-08T00:00:00Z,17.1068,64.80664,2.4384,11.067,11.417,RW,NA,NA,NA,NA,1.4634638516255536e-7,NA,NA,NA,NA,626.9037797520066,165.48177130401493,6,2
2024-05-30T00:00:00Z,34.2415,53.17943,2.1336,4.082999999999998,3.7329999999999983,RW,NA,NA,NA,NA,1.1165182589308032e-6,NA,NA,NA,NA,676.302456740316,435.4618049210668,5,2
2024-05-30T00:00:00Z,30.3195,66.68971,1.2192,6.972999999999999,7.197999999999999,RW,NA,NA,NA,NA,1.1165182589308032e-6,NA,NA,NA,NA,848.1176784388103,385.5842820642871,5,3
2024-05-30T00:00:00Z,22.7715,59.15743,0.3048,4.755000000000003,3.8950000000000022,RW,NA,NA,NA,NA,1.1165182589308032e-6,NA,NA,NA,NA,752.3268911201807,289.59357769840904,5,4
2024-05-30T00:00:00Z,26.5788,64.05939000000001,4.8768,3.7040000000000006,3.984000000000001,RW,NA,NA,NA,NA,1.1165182589308032e-6,NA,NA,NA,NA,814.66692731167,338.0124182829623,5,5
2024-05-30T00:00:00Z,26.2976,78.79516,7.62,3.628,2.688,RW,NA,NA,NA,NA,1.1165182589308032e-6,NA,NA,NA,NA,1002.0671580580363,334.4362940026648,5,6
2024-05-30T00:00:00Z,12.2191,73.86331000000001,7.9248,0.5219999999999985,-0.8080000000000016,RW,NA,NA,NA,NA,1.805548563344522e-8,NA,NA,NA,NA,818.7520495623722,135.44496135913192,6,3
2024-05-30T00:00:00Z,6.1880999999999995,97.59597,0.3048,0,-0.765,RW,NA,NA,NA,NA,NA,NA,NA,NA,NA,NA,NA,9,1
2024-05-30T00:00:00Z,26.8119,101.78057,4.2672,0.3539999999999992,-0.6060000000000008,RW,NA,NA,NA,NA,NA,NA,NA,NA,NA,NA,NA,9,3
2024-05-30T00:00:00Z,26.4641,83.27866,0.3,0.42600000000000193,-0.7289999999999981,RW,NA,NA,NA,NA,NA,NA,NA,NA,NA,NA,NA,9,4
2024-06-20T00:00:00Z,15.560199999999998,103.15551,1.524,3.4299999999999997,1.2499999999999996,RW,NA,NA,NA,NA,NA,NA,NA,NA,NA,NA,NA,9,2
2024-06-20T00:00:00Z,11.2793,75.47737000000001,2.4384,11.067,9.577,RW,NA,NA,NA,NA,NA,NA,NA,NA,NA,NA,NA,6,2
2024-07-11T00:00:00Z,14.846099999999998,66.09191000000001,7.62,3.628,3.448,RW,NA,NA,NA,NA,6.731370309374179e-7,NA,NA,NA,NA,21.67241344979003,4.86823300033132,5,6
2024-07-11T00:00:00Z,16.166999999999998,73.50463,1.524,-0.3400000000000034,-0.07000000000000339,RW,NA,NA,NA,NA,1.3450844837182262e-8,NA,NA,NA,NA,27.59728034059394,6.0698928933644325,6,4
2024-07-11T00:00:00Z,32.3286,101.12299000000002,1.524,3.4299999999999997,1.4499999999999997,RW,NA,NA,NA,NA,NA,NA,NA,NA,NA,NA,NA,9,2
2024-07-11T00:00:00Z,8.123199999999999,64.53763000000001,1.2192,6.972999999999999,7.272999999999999,RW,NA,NA,NA,NA,6.731370309374179e-7,NA,NA,NA,NA,21.16274443316243,2.6637049668459314,5,3
2024-07-11T00:00:00Z,11.8676,45.31836,2.4384,11.067,10.587,RW,NA,NA,NA,NA,1.3450844837182262e-8,NA,NA,NA,NA,17.014757920636544,4.455685093170764,6,2
2024-07-11T00:00:00Z,7.6644,76.64308,0.3048,2.5349999999999966,1.4449999999999967,RW,NA,NA,NA,NA,1.3450844837182262e-8,NA,NA,NA,NA,28.775609984385586,2.8775955397972637,6,1
2024-07-11T00:00:00Z,13.5881,63.90994,12.192,NA,NA,RW,NA,NA,NA,NA,6.731370309374179e-7,NA,NA,NA,NA,20.95691656106282,4.4557181233995475,5,7
2024-07-11T00:00:00Z,27.559299999999997,68.63256000000001,7.9248,0.5219999999999985,-1.1980000000000015,RW,NA,NA,NA,NA,1.3450844837182262e-8,NA,NA,NA,NA,25.768063845945953,10.347126814875885,6,3
2024-07-11T00:00:00Z,32.2139,62.35566,0.3048,4.755000000000003,4.525000000000002,RW,NA,NA,NA,NA,6.731370309374179e-7,NA,NA,NA,NA,20.44724754443522,10.563364860089393,5,4
2024-07-11T00:00:00Z,11.7233,60.29325,4.2672,4.554000000000002,4.754000000000002,RW,NA,NA,NA,NA,6.731370309374179e-7,NA,NA,NA,NA,19.77095596467937,3.8442254823006836,5,1
2024-07-11T00:00:00Z,26.7305,79.99076,4.2672,0.3539999999999992,-1.826000000000001,RW,NA,NA,NA,NA,NA,NA,NA,NA,NA,NA,NA,9,3
2024-07-11T00:00:00Z,15.6749,63.730599999999995,2.1336,4.082999999999998,4.502999999999998,RW,NA,NA,NA,NA,6.731370309374179e-7,NA,NA,NA,NA,20.898108597605784,5.140007507486372,5,2
2024-07-11T00:00:00Z,16.884800000000002,76.91209,4.8768,3.7040000000000006,4.0040000000000004,RW,NA,NA,NA,NA,6.731370309374179e-7,NA,NA,NA,NA,25.22049391169752,5.536749756770755,5,5
2024-07-29T00:00:00Z,25.194999999999997,89.31644000000001,4.2672,0.3539999999999992,1.1239999999999992,RW,NA,NA,NA,NA,1.6230476997121997e-7,NA,NA,NA,NA,26.23049919881081,7.399280886184427,9,3
2024-07-29T00:00:00Z,14.002499999999998,48.30736,7.9248,0.5219999999999985,0.46199999999999847,RW,NA,NA,NA,NA,2.2049569767743422e-7,NA,NA,NA,NA,25.48882922430294,7.388259909324414,6,3
2024-07-29T00:00:00Z,26.7305,79.36307000000001,7.62,3.628,3.523,RW,NA,NA,NA,NA,2.842821868031006e-6,NA,NA,NA,NA,59.47413532444951,20.031651677413656,5,6
2024-07-29T00:00:00Z,11.283,45.31836,1.524,-0.3400000000000034,-0.9400000000000033,RW,NA,NA,NA,NA,2.2049569767743422e-7,NA,NA,NA,NA,23.91171736078066,5.953346656447589,6,4
2024-07-29T00:00:00Z,16.9181,61.78775,2.1336,4.082999999999998,4.317999999999999,RW,NA,NA,NA,NA,2.842821868031006e-6,NA,NA,NA,NA,46.30331216891251,12.678307036667926,5,2
2024-07-29T00:00:00Z,12.2043,57.18469,4.2672,4.554000000000002,4.594000000000002,RW,NA,NA,NA,NA,2.842821868031006e-6,NA,NA,NA,NA,42.85381086627187,9.145817944544977,5,1
2024-07-29T00:00:00Z,12.9998,120.46182,0.3048,0,-0.29500000000000004,RW,NA,NA,NA,NA,1.6230476997121997e-7,NA,NA,NA,NA,35.377290821233935,3.817788119238751,9,1
2024-07-29T00:00:00Z,32.27310000000001,70.27651,0.3048,4.755000000000003,4.355000000000002,RW,NA,NA,NA,NA,2.842821868031006e-6,NA,NA,NA,NA,52.664730155600445,24.18523775276702,5,4
2024-07-29T00:00:00Z,14.157899999999998,105.54671,1.524,3.4299999999999997,2.84,RW,NA,NA,NA,NA,1.6230476997121997e-7,NA,NA,NA,NA,30.99701345118678,4.157899537944454,9,2
2024-07-29T00:00:00Z,11.6345,97.05795,0.3048,2.5349999999999966,2.1249999999999964,RW,NA,NA,NA,NA,2.2049569767743422e-7,NA,NA,NA,NA,51.211523718351266,6.1388116347105806,6,1
2024-07-29T00:00:00Z,17.029099999999996,86.77579000000001,1.2192,6.972999999999999,7.162999999999999,RW,NA,NA,NA,NA,2.842821868031006e-6,NA,NA,NA,NA,65.02917638324745,12.761489668350567,5,3
2024-07-29T00:00:00Z,9.0963,35.99268,2.4384,11.067,10.977,RW,NA,NA,NA,NA,2.2049569767743422e-7,NA,NA,NA,NA,18.991128346591157,4.799559265358877,6,2
2024-07-29T00:00:00Z,7.4757,67.16795,12.192,NA,NA,RW,NA,NA,NA,NA,2.842821868031006e-6,NA,NA,NA,NA,50.33519680836261,5.602237834864341,5,7
2024-07-29T00:00:00Z,9.1666,87.3437,4.8768,3.7040000000000006,4.064000000000001,RW,NA,NA,NA,NA,2.842821868031006e-6,NA,NA,NA,NA,65.45476420630048,6.8693865908299525,5,5
2024-08-30T00:00:00Z,46.026,138.84417,1.524,3.4299999999999997,3.03,RW,NA,NA,NA,NA,3.2932280814273686e-6,NA,NA,NA,NA,373.0455931220213,123.6623508861348,9,2
2024-08-30T00:00:00Z,45.397,80.94724000000001,1.2192,6.972999999999999,6.327999999999999,RW,NA,NA,NA,NA,4.117775050463732e-6,NA,NA,NA,NA,1587.6673815232036,890.3989329223439,5,3
2024-08-30T00:00:00Z,18.509099999999997,40.65552,4.2672,4.554000000000002,4.610000000000002,RW,NA,NA,NA,NA,4.117775050463732e-6,NA,NA,NA,NA,797.4014059387848,363.0302198240622,5,1
2024-08-30T00:00:00Z,18.2538,37.81597,12.192,NA,NA,RW,NA,NA,NA,NA,4.117775050463732e-6,NA,NA,NA,NA,741.7075871846898,358.02286586730133,5,7
2024-08-30T00:00:00Z,33.7605,182.15478,0.3048,0,-0.16000000000000003,RW,NA,NA,NA,NA,3.2932280814273686e-6,NA,NA,NA,NA,489.412252204117,90.70748700932852,9,1
2024-08-30T00:00:00Z,14.6426,30.79182,7.9248,0.5219999999999985,0.011999999999998456,RW,NA,NA,NA,NA,4.616008962391615e-6,NA,NA,NA,NA,67.20765930327151,31.95962018854629,6,3
2024-08-30T00:00:00Z,19.0752,43.01682999999999,2.1336,4.082999999999998,4.107999999999999,RW,NA,NA,NA,NA,4.117775050463732e-6,NA,NA,NA,NA,843.7152131132423,374.1334829455755,5,2
2024-08-30T00:00:00Z,23.9148,80.05054000000001,4.8768,3.7040000000000006,3.0140000000000007,RW,NA,NA,NA,NA,4.117775050463732e-6,NA,NA,NA,NA,1570.0798598113843,469.0554970824342,5,5
2024-08-30T00:00:00Z,29.8977,47.201429999999995,2.4384,11.067,11.127,RW,NA,NA,NA,NA,4.616008962391615e-6,NA,NA,NA,NA,103.02403774987054,65.25611138125062,6,2
2024-08-30T00:00:00Z,33.290600000000005,52.64141,1.524,-0.3400000000000034,-0.3800000000000034,RW,NA,NA,NA,NA,4.616008962391615e-6,NA,NA,NA,NA,114.89759126040065,72.66161281799812,6,4
2024-08-30T00:00:00Z,39.107,85.90898,0.3048,4.755000000000003,5.295000000000003,RW,NA,NA,NA,NA,4.117775050463732e-6,NA,NA,NA,NA,1684.9850016619375,767.0293426833072,5,4
2024-10-04T00:00:00Z,1.57938,25.444498999999997,2.4384,11.067,11.097,RW,NA,NA,NA,NA,8.316457982613584e-6,NA,NA,NA,NA,155.51508199255426,9.653065293107181,6,2
2024-10-04T00:00:00Z,1.42879,24.90349,1.524,-0.3400000000000034,-0.3400000000000034,RW,NA,NA,NA,NA,8.316457982613584e-6,NA,NA,NA,NA,152.2084710432206,8.732669250046605,6,4
2024-10-04T00:00:00Z,9.248,54.70382,4.2672,4.554000000000002,4.619000000000002,RW,NA,NA,NA,NA,6.231401783689824e-6,NA,NA,NA,NA,631.4700290259539,106.75369340627437,5,1
2024-10-04T00:00:00Z,2.71824,63.342029999999994,0.3048,4.755000000000003,3.3750000000000027,RW,NA,NA,NA,NA,6.231401783689824e-6,NA,NA,NA,NA,731.1846507732519,31.37782867265044,5,4
2024-10-04T00:00:00Z,1.5660600000000002,103.66364000000002,7.62,3.628,2.468,RW,NA,NA,NA,NA,6.231401783689824e-6,NA,NA,NA,NA,1196.6345633583915,18.077712921261902,5,6
2024-10-04T00:00:00Z,2.32826,19.606982,7.62,-3.325000000000003,-3.7250000000000028,upland,NA,NA,NA,NA,8.316457982613584e-6,NA,NA,NA,NA,119.83656716355608,14.230169939678689,6,5
2024-10-04T00:00:00Z,1.404,101.00343,4.2672,0.3539999999999992,-0.9360000000000008,RW,NA,NA,NA,NA,4.6171831335339265e-6,NA,NA,NA,NA,494.9566494489577,6.880153830680173,9,3
2024-10-04T00:00:00Z,4.04395,65.34466,1.2192,6.972999999999999,6.877999999999999,RW,NA,NA,NA,NA,6.231401783689824e-6,NA,NA,NA,NA,754.3018814205495,46.68107682204837,5,3
2024-10-04T00:00:00Z,1.50575,73.2954,4.8768,3.7040000000000006,3.6640000000000006,RW,NA,NA,NA,NA,6.231401783689824e-6,NA,NA,NA,NA,846.080737423253,17.381528313851387,5,5
2024-10-04T00:00:00Z,10.7206,52.402289999999994,12.192,NA,NA,RW,NA,NA,NA,NA,6.231401783689824e-6,NA,NA,NA,NA,604.9024654462238,123.75255682648195,5,7
2024-10-04T00:00:00Z,3.35501,45.22868999999999,7.9248,0.5219999999999985,-0.8230000000000015,RW,NA,NA,NA,NA,8.316457982613584e-6,NA,NA,NA,NA,276.43473875299406,20.505597506000786,6,3
2024-10-04T00:00:00Z,10.025,51.98383,2.1336,4.082999999999998,4.139999999999999,RW,NA,NA,NA,NA,6.231401783689824e-6,NA,NA,NA,NA,600.0719993408184,115.72294294959998,5,2
2024-11-01T00:00:00Z,12.5151,70.18684,0.3,0.42600000000000193,-0.40899999999999803,RW,319.5384672506266,1.868771094265888,16.62438350958745,12.082197820936102,1.8305041552332039e-6,3.195384672506266e-4,1.8687710942658878e-6,0.014578337338558442,8.525914158368575e-5,266.8451363230511,47.58147774706222,9,4
2024-11-01T00:00:00Z,17.373199999999997,54.91305,1.2192,6.972999999999999,7.727999999999999,RW,131.84941217101093,7.197279713461674,7.017804794521987,47.60569392199831,3.878916574355414e-6,1.3184941217101094e-4,7.197279713461674e-6,0.06152651445891822,0.0033585552416481677,2135.3960484014056,675.5891837748458,5,3
2024-11-01T00:00:00Z,14.183799999999998,91.55819,4.2672,0.3539999999999992,-0.2860000000000008,RW,254.68540767412665,10.373892022430784,11.30827122374764,33.87187272261158,1.8305041552332039e-6,2.5468540767412665e-4,1.0373892022430785e-5,0.011619539331925046,4.7328917459617595e-4,348.0974167243007,53.92575081851373,9,3
2024-11-01T00:00:00Z,8.552399999999999,33.90038,0.3048,2.5349999999999966,2.1149999999999967,RW,483.80303193987487,11.139490264623198,26.48210807654446,137.51450360414378,2.0441844521530967e-6,4.838030319398749e-4,1.1139490264623198e-5,0.02938235177494109,6.765241222989412e-4,171.56997522839788,43.28373475882424,6,1
2024-11-01T00:00:00Z,11.290399999999998,72.42859,4.8768,3.7040000000000006,NA,RW,258.8883388869121,4.179645136708358,13.779567128672126,27.645848848773724,3.878916574355414e-6,2.588883388869121e-4,4.179645136708358e-6,0.12080825286586326,0.0019503992676379504,2816.5203877272443,439.04819610040283,5,5
2024-11-01T00:00:00Z,4.2604,20.946053999999997,7.62,-3.325000000000003,-4.645000000000003,upland,152.80171028796255,3.848155655103885,8.10010350640834,25.350259921968057,2.0441844521530967e-6,1.5280171028796255e-4,3.848155655103885e-6,0.009279961693277503,2.3370639636058102e-4,106.00807324026115,21.5619035085467,6,5
2024-11-01T00:00:00Z,9.1259,120.43193,0.3048,0,-0.29300000000000004,RW,377.2081482073175,0.00491590866186472,19.624719905229032,0.03178290862083092,1.8305041552332039e-6,3.772081482073175e-4,4.91590866186472e-9,0.01720940730151931,2.2427902159897081e-7,457.8732249307441,34.69599186358201,9,1
2024-11-01T00:00:00Z,15.785899999999998,33.63137,1.524,-0.3400000000000034,0.013999999999996626,RW,343.9334765098838,16.12025172914839,18.232104560863597,106.19439751597956,2.0441844521530967e-6,3.439334765098838e-4,1.612025172914839e-5,0.02088778640653026,9.79015995636224e-4,170.2085144118468,79.89251070217992,6,4
2024-11-01T00:00:00Z,5.1299,48.75571,7.9248,0.5219999999999985,-0.1630000000000016,RW,95.39438304130762,14.820119263632998,5.056909213308906,97.62959429912148,2.0441844521530967e-6,9.539438304130762e-5,1.4820119263632999e-5,0.005793496805165764,9.000562807650237e-4,246.75286698682882,25.962446908387406,6,3
2024-11-01T00:00:00Z,14.4243,49.144279999999995,2.1336,4.082999999999998,3.7979999999999983,RW,NA,NA,NA,NA,3.878916574355414e-6,NA,NA,NA,NA,1911.0667011490389,560.9157244217248,5,2
2024-11-01T00:00:00Z,6.5692,52.61152,12.192,NA,NA,RW,54.65171468457455,6.725276863745018,2.9088871844555775,44.48367781473288,3.878916574355414e-6,5.465171468457455e-5,6.725276863745017e-6,0.025502802465162996,0.0031382987408449924,2045.8967751452801,255.45555603191798,5,7
2024-11-01T00:00:00Z,9.6698,69.94772,0.3048,4.755000000000003,4.995000000000003,RW,196.38950481585383,1.1422123735401546,10.45300988299378,7.555050632111487,3.878916574355414e-6,1.9638950481585383e-4,1.1422123735401545e-6,0.09164365247196062,5.330046221565554e-4,2720.0471451264857,376.02815193896373,5,4
2024-11-01T00:00:00Z,16.6332,109.67153,1.524,3.4299999999999997,2.8739999999999997,RW,480.8851975587993,8.848690749920562,25.018646478112032,57.209592135106256,1.8305041552332039e-6,4.808851975587993e-4,8.848690749920562e-6,0.021939476306096443,4.0370475538315854e-4,416.9629858475975,63.23818712295031,9,2
2024-11-01T00:00:00Z,1.4369299999999998,28.098731,4.2672,4.554000000000002,3.7620000000000022,RW,NA,NA,NA,NA,3.878916574355414e-6,NA,NA,NA,NA,1092.6713985563372,55.87769471609083,5,1
2024-11-01T00:00:00Z,8.5598,30.16413,2.4384,11.067,11.007,RW,443.384612564854,4.441018031729506,23.504064503962596,29.25582318198891,2.0441844521530967e-6,4.4338461256485405e-4,4.441018031729506e-6,0.026927658154063693,2.6971214612675124e-4,152.66079722074423,43.32118619201437,6,2
2024-12-09T00:00:00Z,12.2672,29.8343,20,1.267000000000003,-0.03299999999999703,upland,157.850504138095,1.065182513957676,6.7034301266176755,5.621375218681831,3.400804790079146e-7,1.57850504138095e-4,1.065182513957676e-6,0.019756192865536867,1.3331570461336647e-4,311.16582322972346,127.94445945517958,9,5
2024-12-09T00:00:00Z,32.572799999999994,55.37629999999999,0.3,0.42600000000000193,-0.5339999999999981,RW,264.65143762273846,9.414599395921991,11.238940475355731,49.68443909336993,3.400804790079146e-7,2.646514376227385e-4,9.41459939592199e-6,0.033123143143352136,0.001178308820951773,577.5638100078144,339.72783430136235,9,4
2024-12-09T00:00:00Z,8.1898,42.51619999999999,7.9248,0.5219999999999985,-0.5080000000000016,RW,215.07092458444163,9.84051804875864,10.392672411784469,59.09230502600653,3.8394217031128854e-7,2.1507092458444163e-4,9.84051804875864e-6,0.055771857654116214,0.0025518278350202925,918.7695713927719,176.98051650412137,6,3
2024-12-09T00:00:00Z,23.7483,26.99201,2.4384,11.067,10.267,RW,465.6503392577231,19.270341571027014,22.501188590193554,115.71838966487245,3.8394217031128854e-7,4.656503392577231e-4,1.9270341571027014e-5,0.1207517217301783,0.004997155004202109,583.2938376131785,513.1976849367293,6,2
2024-12-09T00:00:00Z,6.5211,42.24889999999999,0.3048,2.5349999999999966,1.4949999999999966,RW,192.7744678799501,1.4712107271905748,9.618706290085692,16.55546001688808,3.8394217031128854e-7,1.9277446787995008e-4,1.4712107271905748e-6,0.04998997518015198,3.8151207753731514e-4,912.9932530380439,140.9201257875682,6,1
2024-12-09T00:00:00Z,21.1361,97.7285,1.524,3.4299999999999997,2.78,RW,442.921866739558,18.817851101447165,18.809542620416263,99.30899208764409,3.400804790079146e-7,4.4292186673955804e-4,1.8817851101447165e-5,0.05543504514888988,0.0023551973920203926,1019.2888438979975,220.44532489000105,9,2
2024-12-09T00:00:00Z,13.3587,57.811699999999995,1.524,-0.3400000000000034,-0.8000000000000034,RW,282.8618659773108,2.1921361052321857,13.66847107096564,13.163776007223854,3.8394217031128854e-7,2.828618659773108e-4,2.192136105232186e-6,0.07335129913792868,5.684613252846105e-4,1249.3033439133208,288.6797755529569,6,4
2024-12-09T00:00:00Z,39.477,39.635299999999994,1.2192,6.972999999999999,6.4929999999999986,RW,858.0939566323611,-0.2731217956333881,39.12696669518064,-1.5476228352204084,3.592722505994083e-6,8.580939566323611e-4,-2.731217956333881e-7,0.4157071549972665,-1.3231497990743308e-4,1600.1237076188818,1593.7329503162737,5,3
2024-12-09T00:00:00Z,21.3026,56.4158,0.3048,4.755000000000003,3.8950000000000022,RW,531.0299719440322,4.89485588176431,24.21365616877167,27.736309803337097,3.592722505994083e-6,5.310299719440322e-4,4.89485588176431e-6,0.2572596592120163,0.002371333112187005,2277.5722415191844,860.0110329408886,5,4
2024-12-09T00:00:00Z,32.299,60.395599999999995,7.62,3.628,2.7380000000000004,RW,506.0534015476603,22.474343705171012,23.074786199457375,127.34907312707618,3.592722505994083e-6,5.060534015476603e-4,2.2474343705171012e-5,0.24515965671134235,0.010887788464066928,2438.2414513291674,1303.94864255808,5,6
2024-12-09T00:00:00Z,42.141,48.15919999999999,16.806672,5.341000000000001,4.791000000000001,upland,490.5160756521139,27.71856238165414,21.31797936633064,274.8069298607612,3.592722505994083e-6,4.905160756521139e-4,2.7718562381654142e-5,0.23763253512473717,0.013428371822490869,1944.243582361159,1701.2817655667375,5,8
2024-12-09T00:00:00Z,29.908800000000003,41.77369999999999,4.8768,3.7040000000000006,3.4640000000000004,RW,960.3125480619416,2.0244247836622278,43.787882194678794,11.471241305059712,3.592722505994083e-6,9.603125480619416e-4,2.0244247836622276e-6,0.46522737303700784,9.807409326421115e-4,1686.4534322929023,1207.453455541692,5,5
2024-12-09T00:00:00Z,38.293,66.1574,4.2672,0.3539999999999992,-0.4260000000000007,RW,754.57413619469,21.66433646789299,27.34782430340395,57.73931000535014,3.400804790079146e-7,7.5457413619469e-4,2.166433646789299e-5,0.09444070037917894,0.002711456715964233,690.008541636241,399.3883841395911,9,3
2024-12-09T00:00:00Z,26.4234,30.844099999999997,2.1336,4.082999999999998,3.8329999999999984,RW,298.0586593664843,4.622230812903105,12.623882805468329,63.25942770256222,3.592722505994083e-6,2.980586593664843e-4,4.622230812903105e-6,0.14439574635138244,0.0022392587736122364,1245.2126172923518,1066.743755589002,5,2
2024-12-09T00:00:00Z,11.3496,95.3525,0.3048,0,-0.38,RW,330.0739792281676,-0.06229996676090914,14.01723655209213,-0.3287807344614293,3.400804790079146e-7,3.3007397922816764e-4,-6.229996676090914e-8,0.04131127251783756,-7.797315349517583e-6,994.5076358256172,118.37407371140165,9,1
2024-12-09T00:00:00Z,37.0979,12.822139999999996,12.192,NA,NA,RW,695.8762345154586,9.556889102810413,31.73023891079486,54.15334859994746,3.592722505994083e-6,6.958762345154586e-4,9.556889102810413e-6,0.33712011073464576,0.004629874326519488,517.6448821229652,1497.6858833634292,5,7
2025-01-30T00:00:00Z,15.3567,102.3617,0.3048,0,-0.29000000000000004,RW,350.60016489282873,26.768525780002278,15.206816310135435,144.2839657375791,6.710845291768987e-7,3.5060016489282873e-4,2.6768525780002278e-5,0.004065339136854596,3.1039099916741185e-4,98.91016101208741,14.838886708742848,9,1
2025-01-30T00:00:00Z,17.9245,23.90618,20,1.267000000000003,0.477000000000003,upland,336.6695155124678,0.7886091151467283,14.602592902902282,4.25065061428136,6.710845291768987e-7,3.366695155124678e-4,7.886091151467282e-7,0.003903808082968491,9.144215606590669e-6,23.100086389576806,17.32010293948968,9,5
2025-01-30T00:00:00Z,22.5384,91.937,1.524,3.4299999999999997,2.9299999999999997,RW,657.8887752830956,1.0629730638457269,28.53505149174172,5.729488817739191,6.710845291768987e-7,6.578887752830956e-4,1.0629730638457269e-6,0.007628464711855622,1.2325567499933203e-5,88.83697196283651,21.77842662787772,9,2
2025-01-30T00:00:00Z,27.433499999999995,92.2637,4.2672,0.3539999999999992,-0.23100000000000076,RW,657.641348777224,3.796943335919285,24.343613691146505,10.335592637530366,6.710845291768987e-7,6.57641348777224e-4,3.796943335919285e-6,0.007625595709617355,4.402696829492462e-5,89.15265595013497,26.508468520209217,9,3
2025-01-30T00:00:00Z,11.7418,38.150299999999994,7.9248,0.5219999999999985,0.011999999999998345,RW,288.2716759248031,3.7212291366815986,12.784978122484702,20.50934835645757,9.396218568103033e-7,2.882716759248031e-4,3.721229136681599e-6,0.004076559143107942,5.262331310238108e-5,44.95815558314959,13.8371040653999,6,3
2025-01-30T00:00:00Z,14.8498,42.24889999999999,2.4384,11.067,11.102,RW,387.56900786151976,1.0136007340413644,17.18885933058224,5.586404326435371,9.396218568103033e-7,3.8756900786151975e-4,1.0136007340413645e-6,0.005480760388666448,1.4333712552790294e-5,49.78814372146296,17.49972133321769,6,2
2025-01-30T00:00:00Z,11.6493,40.88269999999999,1.524,-0.3400000000000034,-0.4550000000000034,RW,307.2565120130714,2.8820295654573975,13.62696411805224,15.884146382957155,9.396218568103033e-7,0.00030725651201307143,2.8820295654573975e-6,0.004345030913314821,4.075587356295621e-5,48.1781476753585,13.728097599095799,6,4
2025-01-30T00:00:00Z,10.136,48.78289999999999,0.3048,2.5349999999999966,NA,RW,306.9843924608569,3.2435394662632304,14.05840099581164,33.49947777262666,9.396218568103033e-7,3.069843924608569e-4,3.2435394662632305e-6,0.004341182767481418,4.586812223159922e-5,57.488124811527776,11.94475181036071,6,1
2025-01-30T00:00:00Z,18.664499999999997,74.1764,12.192,NA,NA,RW,NA,NA,NA,NA,5.8137625173968676e-6,NA,NA,NA,NA,506.9648699877973,127.56410146471438,5,7
2025-01-30T00:00:00Z,22.6716,50.0303,4.8768,3.7040000000000006,3.7440000000000007,RW,348.1740591915026,0.7303187188537945,15.81935731929951,4.123559732577234,5.8137625173968676e-6,3.481740591915026e-4,7.303187188537945e-7,0.028555500129606243,5.989709951197986e-5,341.9363104026414,154.95096481381336,5,5
2025-01-30T00:00:00Z,10.7465,33.2795,4.2672,4.554000000000002,4.579000000000002,RW,167.91187376977553,0.05460636694457306,7.629109231989624,0.3083210248648388,5.8137625173968676e-6,1.6791187376977553e-4,5.460636694457306e-8,0.013771294576997807,4.478541916603356e-6,227.4515531996551,73.44786179059463,5,1
2025-01-30T00:00:00Z,27.0635,38.2691,1.2192,6.972999999999999,6.972999999999999,RW,564.0088448600065,13.615568764072624,25.62585354234673,76.87686162526812,5.8137625173968676e-6,5.640088448600066e-4,1.3615568764072624e-5,0.046257192968074096,0.001116681054613811,261.55339577075745,184.96777625922465,5,3
2025-01-30T00:00:00Z,10.7724,32.952799999999996,2.1336,4.082999999999998,4.207999999999998,RW,132.2849465921205,0.19424219776601048,5.58280841428775,2.648916699365449,5.8137625173968676e-6,1.3228494659212048e-4,1.942421977660105e-7,0.01084935166717453,1.5930776452336242e-5,225.21869445988057,73.62487752784641,5,2
2025-01-30T00:00:00Z,23.781599999999997,41.357899999999994,0.3048,4.755000000000003,5.060000000000002,RW,499.1618000594787,2.445853999813309,22.679515221846117,13.809895330660709,5.8137625173968676e-6,4.991618000594787e-4,2.445853999813309e-6,0.04093876171990473,2.0059674856549867e-4,282.66406021953503,162.5373535531759,5,4
2025-01-30T00:00:00Z,13.791599999999995,68.8007,7.62,3.628,3.168,RW,357.5596657319177,1.396867361752192,16.24579421085299,7.887057877570117,5.8137625173968676e-6,3.575596657319177e-4,1.3968673617521921e-6,0.029325260775771578,1.1456409539005359e-4,470.2241943605977,94.25985489891262,5,6
2025-01-30T00:00:00Z,NA,41.3876,0.3,0.42600000000000193,-0.29399999999999804,RW,502.8907502227632,12.807566718464113,21.812218100471817,69.03355578024204,6.710845291768987e-7,5.028907502227632e-4,1.2807566718464113e-5,0.005831205039700154,1.4850849327000283e-4,39.9920495644745,NA,9,4
2025-03-12T00:00:00Z,13.7731,107.4404,0.3048,0,-0.148,RW,NA,NA,NA,NA,2.1628294914399343e-6,NA,NA,NA,NA,147.56648469832803,18.91698048777314,9,1
2025-03-12T00:00:00Z,20.496,30.2204,0.3,0.42600000000000193,0.5270000000000019,RW,NA,NA,NA,NA,2.1628294914399343e-6,NA,NA,NA,NA,41.506902377293386,28.15070188101432,9,4
2025-03-12T00:00:00Z,21.754,112.8161,1.524,3.4299999999999997,3.0479999999999996,RW,NA,NA,NA,NA,2.1628294914399343e-6,NA,NA,NA,NA,154.94986331375392,29.878530870393522,9,2
2025-03-12T00:00:00Z,22.5421,20.04518,20,1.267000000000003,1.104000000000003,upland,NA,NA,NA,NA,2.1628294914399343e-6,NA,NA,NA,NA,27.53151279914474,30.9609649137399,9,5
2025-03-12T00:00:00Z,14.8794,84.6308,4.2672,0.3539999999999992,0.7149999999999992,RW,NA,NA,NA,NA,2.1628294914399343e-6,NA,NA,NA,NA,116.23811576657626,20.436453628433085,9,3
2025-03-12T00:00:00Z,18.812499999999996,39.249199999999995,7.9248,0.5219999999999985,0.8449999999999984,RW,49.94512273202667,0.202454011841232,2.3714562301941022,1.194581675689085,2.7578417796506917e-6,4.994512273202667e-5,2.02454011841232e-7,0.001545199124942055,6.2635097247940235e-6,101.19077729249769,48.50166367251085,6,3
2025-03-12T00:00:00Z,18.8828,38.2691,2.4384,11.067,11.117,RW,46.20338409257422,0.1973052016635938,2.1937938495068767,1.1642010759969854,2.7578417796506917e-6,4.620338409257422e-5,1.973052016635938e-7,0.0014294374458194538,6.104216153254202e-6,98.66392118270751,48.6829084276565,6,2
2025-03-12T00:00:00Z,15.5935,42.7835,1.524,-0.3400000000000034,-0.3900000000000034,RW,NA,NA,NA,NA,2.7578417796506917e-6,NA,NA,NA,NA,110.30277356719564,40.202561726368,6,4
2025-03-12T00:00:00Z,13.140399999999998,52.2578,0.3048,2.5349999999999966,2.3249999999999966,RW,87.66556334164117,0.2167501514596186,4.298061953744144,2.3966370684733156,2.7578417796506917e-6,8.766556334164118e-5,2.167501514596186e-7,0.002712191788772876,6.705802810084917e-6,134.72904929516747,33.878073691548785,6,1
2025-03-12T00:00:00Z,6.4175,13.668589999999998,7.62,-3.325000000000003,-4.523000000000003,upland,NA,NA,NA,NA,2.7578417796506917e-6,NA,NA,NA,NA,35.23983282697382,16.545351581041245,6,5
2025-03-12T00:00:00Z,8.3896,56.4158,4.8768,3.7040000000000006,3.9850000000000008,RW,9.001646624319303,0.00176455655543434,0.4375624455805418,0.01065911373391598,1.0965248899341058e-5,9.001646624319303e-6,1.76455655543434e-9,5.452808106295485e-4,1.0688920250984412e-7,284.7854253798881,42.35047282440574,5,5
2025-03-12T00:00:00Z,11.368099999999998,32.1806,1.2192,6.972999999999999,7.254999999999999,RW,NA,NA,NA,NA,1.0965248899341058e-5,NA,NA,NA,NA,162.44679433740242,57.38585988785245,5,3
2025-03-12T00:00:00Z,25.2875,45.040699999999994,0.3048,4.755000000000003,4.236000000000002,RW,NA,NA,NA,NA,1.0965248899341058e-5,NA,NA,NA,NA,227.3642296822508,127.65061284771147,5,4
2025-03-12T00:00:00Z,14.5723,76.7009,7.62,3.628,3.478,RW,12.735544504849369,0.4613994805205181,0.6190640703764702,2.7871645850576647,1.0965248899341058e-5,1.2735544504849369e-5,4.613994805205181e-7,7.714641910793835e-4,2.794958447741842e-5,387.18405896079224,73.56057441821872,5,6
2025-03-12T00:00:00Z,13.4549,31.943,4.2672,4.554000000000002,4.594000000000002,RW,NA,NA,NA,NA,1.0965248899341058e-5,NA,NA,NA,NA,161.24739599384864,67.919969581994,5,1
2025-03-12T00:00:00Z,13.473399999999998,31.8242,2.1336,4.082999999999998,4.227999999999998,RW,122.11171629150616,0.32476812027324214,5.513473473408548,4.738313218196193,1.0965248899341058e-5,1.2211171629150617e-4,3.2476812027324216e-7,0.00739699950750211,1.967304775226272e-5,160.64769682207177,68.01335707928247,5,2
2025-04-17T00:00:00Z,21.8687,77.9186,1.524,3.4299999999999997,2.7649999999999997,RW,NA,NA,NA,NA,5.093389615297086e-7,NA,NA,NA,NA,464.46386544848673,130.35682025002146,9,2
2025-04-17T00:00:00Z,27.4853,96.4217,7.62,3.628,2.858,RW,NA,NA,NA,NA,3.430271326188278e-6,NA,NA,NA,NA,2615.653417035933,745.5999931888542,5,6
2025-04-17T00:00:00Z,34.7558,63.6923,0.3,0.42600000000000193,-0.5739999999999981,RW,NA,NA,NA,NA,5.093389615297086e-7,NA,NA,NA,NA,379.6625177724529,207.1753498491312,9,4
2025-04-17T00:00:00Z,20.595899999999997,50.327299999999994,0.3048,4.755000000000003,3.7450000000000028,RW,NA,NA,NA,NA,3.430271326188278e-6,NA,NA,NA,NA,1365.2401297134618,558.7096702498542,5,4
2025-04-17T00:00:00Z,30.045699999999997,36.2495,1.2192,6.972999999999999,6.642999999999999,RW,NA,NA,NA,NA,3.430271326188278e-6,NA,NA,NA,NA,983.3484427348207,815.0565471489979,5,3
2025-04-17T00:00:00Z,32.5543,50.7728,4.8768,3.7040000000000006,3.4690000000000007,RW,NA,NA,NA,NA,3.430271326188278e-6,NA,NA,NA,NA,1377.3253096811404,883.1079107111042,5,5
2025-04-17T00:00:00Z,8.322999999999999,56.2376,1.524,-0.3400000000000034,-0.6800000000000035,RW,NA,NA,NA,NA,8.443988072543176e-7,NA,NA,NA,NA,736.1503306387018,108.94809170209813,6,4
2025-04-17T00:00:00Z,14.2208,39.0413,7.9248,0.5219999999999985,-0.26800000000000146,RW,NA,NA,NA,NA,8.443988072543176e-7,NA,NA,NA,NA,511.05071879960644,186.15030908052356,6,3
2025-04-17T00:00:00Z,8.0159,52.049899999999994,0.3048,2.5349999999999966,1.7149999999999967,RW,NA,NA,NA,NA,8.443988072543176e-7,NA,NA,NA,NA,681.3333267193365,104.92815190133949,6,1
2025-04-17T00:00:00Z,10.4616,20.83817,7.62,-3.325000000000003,-5.170000000000003,upland,NA,NA,NA,NA,8.443988072543176e-7,NA,NA,NA,NA,272.7716996352169,136.94237127846569,6,5
2025-04-17T00:00:00Z,11.246,41.80339999999999,2.4384,11.067,10.422,RW,NA,NA,NA,NA,8.443988072543176e-7,NA,NA,NA,NA,547.2066150017408,147.210169323777,6,2
2025-04-17T00:00:00Z,33.6865,79.55210000000001,4.2672,0.3539999999999992,-0.2810000000000008,RW,NA,NA,NA,NA,5.093389615297086e-7,NA,NA,NA,NA,474.2009721753799,200.80137481205318,9,3
2025-04-17T00:00:00Z,6.4212,57.84139999999999,0.3048,0,-0.41000000000000003,RW,NA,NA,NA,NA,5.093389615297086e-7,NA,NA,NA,NA,344.7859718597625,38.27603900503631,9,1
2025-04-17T00:00:00Z,15.4899,39.130399999999995,2.1336,4.082999999999998,3.8129999999999984,RW,NA,NA,NA,NA,3.430271326188278e-6,NA,NA,NA,NA,1061.4992731924751,420.19804530043456,5,2
2024-04-18T00:00:00Z,NA,NA,4.2672,4.554000000000002,3.214000000000002,RW,NA,NA,NA,NA,5.764822488130861e-6,NA,NA,NA,NA,NA,NA,5,1
2024-04-18T00:00:00Z,NA,NA,2.1336,4.082999999999998,3.0329999999999986,RW,NA,NA,NA,NA,5.764822488130861e-6,NA,NA,NA,NA,NA,NA,5,2
2024-04-18T00:00:00Z,NA,NA,1.2192,6.972999999999999,6.477999999999999,RW,NA,NA,NA,NA,5.764822488130861e-6,NA,NA,NA,NA,NA,NA,5,3
2024-04-18T00:00:00Z,NA,NA,0.3048,4.755000000000003,3.365000000000003,RW,NA,NA,NA,NA,5.764822488130861e-6,NA,NA,NA,NA,NA,NA,5,4
2024-04-18T00:00:00Z,NA,NA,4.8768,3.7040000000000006,3.5940000000000007,RW,NA,NA,NA,NA,5.764822488130861e-6,NA,NA,NA,NA,NA,NA,5,5
2024-04-18T00:00:00Z,NA,NA,7.62,3.628,2.3680000000000003,RW,NA,NA,NA,NA,5.764822488130861e-6,NA,NA,NA,NA,NA,NA,5,6
2024-04-18T00:00:00Z,NA,NA,12.192,NA,NA,RW,NA,NA,NA,NA,5.764822488130861e-6,NA,NA,NA,NA,NA,NA,5,7
2024-04-18T00:00:00Z,NA,NA,0.3048,2.5349999999999966,1.4849999999999968,RW,NA,NA,NA,NA,9.089324590862489e-7,NA,NA,NA,NA,NA,NA,6,1
2024-04-18T00:00:00Z,NA,NA,2.4384,11.067,11.087,RW,NA,NA,NA,NA,9.089324590862489e-7,NA,NA,NA,NA,NA,NA,6,2
2024-04-18T00:00:00Z,NA,NA,7.9248,0.5219999999999985,-0.8980000000000015,RW,NA,NA,NA,NA,9.089324590862489e-7,NA,NA,NA,NA,NA,NA,6,3
2024-04-18T00:00:00Z,NA,NA,1.524,-0.3400000000000034,0.01999999999999663,RW,NA,NA,NA,NA,9.089324590862489e-7,NA,NA,NA,NA,NA,NA,6,4
2024-04-18T00:00:00Z,NA,NA,7.62,-3.325000000000003,-4.495000000000003,upland,NA,NA,NA,NA,9.089324590862489e-7,NA,NA,NA,NA,NA,NA,6,5
2024-04-18T00:00:00Z,NA,NA,0.3048,0,-0.30500000000000005,RW,NA,NA,NA,NA,5.854341140090066e-7,NA,NA,NA,NA,NA,NA,9,1
2024-04-18T00:00:00Z,NA,NA,1.524,3.4299999999999997,2.5999999999999996,RW,NA,NA,NA,NA,5.854341140090066e-7,NA,NA,NA,NA,NA,NA,9,2
2024-04-18T00:00:00Z,NA,NA,4.2672,0.3539999999999992,-1.056000000000001,RW,NA,NA,NA,NA,5.854341140090066e-7,NA,NA,NA,NA,NA,NA,9,3
2024-04-18T00:00:00Z,NA,NA,0.3,0.42600000000000193,-0.388999999999998,RW,NA,NA,NA,NA,5.854341140090066e-7,NA,NA,NA,NA,NA,NA,9,4
2024-05-08T00:00:00Z,NA,NA,4.2672,4.554000000000002,3.524000000000002,RW,NA,NA,NA,NA,3.231882155454068e-6,NA,NA,NA,NA,NA,NA,5,1
2024-05-08T00:00:00Z,NA,NA,0.3048,4.755000000000003,3.9350000000000023,RW,NA,NA,NA,NA,3.231882155454068e-6,NA,NA,NA,NA,NA,NA,5,4
2024-05-08T00:00:00Z,NA,NA,7.62,3.628,2.688,RW,NA,NA,NA,NA,3.231882155454068e-6,NA,NA,NA,NA,NA,NA,5,6
2024-05-08T00:00:00Z,NA,NA,12.192,NA,NA,RW,NA,NA,NA,NA,3.231882155454068e-6,NA,NA,NA,NA,NA,NA,5,7
2024-05-08T00:00:00Z,NA,NA,0.3048,2.5349999999999966,1.9849999999999965,RW,NA,NA,NA,NA,1.4634638516255536e-7,NA,NA,NA,NA,NA,NA,6,1
2024-05-08T00:00:00Z,NA,NA,7.9248,0.5219999999999985,-0.5480000000000016,RW,NA,NA,NA,NA,1.4634638516255536e-7,NA,NA,NA,NA,NA,NA,6,3
2024-05-08T00:00:00Z,NA,NA,1.524,-0.3400000000000034,-0.2200000000000033,RW,NA,NA,NA,NA,1.4634638516255536e-7,NA,NA,NA,NA,NA,NA,6,4
2024-05-30T00:00:00Z,NA,NA,4.2672,4.554000000000002,3.724000000000002,RW,NA,NA,NA,NA,1.1165182589308032e-6,NA,NA,NA,NA,NA,NA,5,1
2024-05-30T00:00:00Z,NA,NA,12.192,NA,NA,RW,NA,NA,NA,NA,1.1165182589308032e-6,NA,NA,NA,NA,NA,NA,5,7
2024-05-30T00:00:00Z,NA,NA,0.3048,2.5349999999999966,1.5059999999999967,RW,NA,NA,NA,NA,1.805548563344522e-8,NA,NA,NA,NA,NA,NA,6,1
2024-05-30T00:00:00Z,NA,NA,2.4384,11.067,11.187,RW,NA,NA,NA,NA,1.805548563344522e-8,NA,NA,NA,NA,NA,NA,6,2
2024-05-30T00:00:00Z,NA,NA,1.524,-0.3400000000000034,-0.2300000000000033,RW,NA,NA,NA,NA,1.805548563344522e-8,NA,NA,NA,NA,NA,NA,6,4
2024-05-30T00:00:00Z,NA,NA,7.62,-3.325000000000003,-4.485000000000003,upland,NA,NA,NA,NA,1.805548563344522e-8,NA,NA,NA,NA,NA,NA,6,5
2024-05-30T00:00:00Z,NA,NA,1.524,3.4299999999999997,2.1899999999999995,RW,NA,NA,NA,NA,NA,NA,NA,NA,NA,NA,NA,9,2
2024-06-20T00:00:00Z,NA,NA,4.2672,4.554000000000002,3.704000000000002,RW,NA,NA,NA,NA,NA,NA,NA,NA,NA,NA,NA,5,1
2024-06-20T00:00:00Z,NA,NA,2.1336,4.082999999999998,2.5329999999999986,RW,NA,NA,NA,NA,NA,NA,NA,NA,NA,NA,NA,5,2
2024-06-20T00:00:00Z,NA,NA,1.2192,6.972999999999999,6.217999999999999,RW,NA,NA,NA,NA,NA,NA,NA,NA,NA,NA,NA,5,3
2024-06-20T00:00:00Z,NA,NA,0.3048,4.755000000000003,3.5050000000000026,RW,NA,NA,NA,NA,NA,NA,NA,NA,NA,NA,NA,5,4
2024-06-20T00:00:00Z,NA,NA,4.8768,3.7040000000000006,3.5840000000000005,RW,NA,NA,NA,NA,NA,NA,NA,NA,NA,NA,NA,5,5
2024-06-20T00:00:00Z,NA,NA,7.62,3.628,2.388,RW,NA,NA,NA,NA,NA,NA,NA,NA,NA,NA,NA,5,6
2024-06-20T00:00:00Z,NA,NA,12.192,NA,NA,RW,NA,NA,NA,NA,NA,NA,NA,NA,NA,NA,NA,5,7
2024-06-20T00:00:00Z,NA,NA,0.3048,2.5349999999999966,0.7249999999999968,RW,NA,NA,NA,NA,NA,NA,NA,NA,NA,NA,NA,6,1
2024-06-20T00:00:00Z,NA,NA,7.9248,0.5219999999999985,-2.1180000000000017,RW,NA,NA,NA,NA,NA,NA,NA,NA,NA,NA,NA,6,3
2024-06-20T00:00:00Z,NA,NA,1.524,-0.3400000000000034,-1.4400000000000033,RW,NA,NA,NA,NA,NA,NA,NA,NA,NA,NA,NA,6,4
2024-06-20T00:00:00Z,NA,NA,7.62,-3.325000000000003,-6.115000000000003,upland,NA,NA,NA,NA,NA,NA,NA,NA,NA,NA,NA,6,5
2024-06-20T00:00:00Z,NA,NA,0.3048,0,-1.4649999999999999,RW,NA,NA,NA,NA,NA,NA,NA,NA,NA,NA,NA,9,1
2024-06-20T00:00:00Z,NA,NA,4.2672,0.3539999999999992,-1.8360000000000007,RW,NA,NA,NA,NA,NA,NA,NA,NA,NA,NA,NA,9,3
2024-06-20T00:00:00Z,NA,NA,0.3,0.42600000000000193,-1.578999999999998,RW,NA,NA,NA,NA,NA,NA,NA,NA,NA,NA,NA,9,4
2024-07-11T00:00:00Z,NA,NA,7.62,-3.325000000000003,-5.465000000000003,upland,NA,NA,NA,NA,1.3450844837182262e-8,NA,NA,NA,NA,NA,NA,6,5
2024-07-11T00:00:00Z,NA,NA,0.3048,0,-0.8849999999999999,RW,NA,NA,NA,NA,NA,NA,NA,NA,NA,NA,NA,9,1
2024-07-11T00:00:00Z,NA,NA,0.3,0.42600000000000193,-0.8189999999999982,RW,NA,NA,NA,NA,NA,NA,NA,NA,NA,NA,NA,9,4
2024-07-29T00:00:00Z,NA,NA,7.62,-3.325000000000003,-4.825000000000003,upland,NA,NA,NA,NA,2.2049569767743422e-7,NA,NA,NA,NA,NA,NA,6,5
2024-07-29T00:00:00Z,NA,NA,0.3,0.42600000000000193,-0.608999999999998,RW,NA,NA,NA,NA,1.6230476997121997e-7,NA,NA,NA,NA,NA,NA,9,4
2024-08-30T00:00:00Z,NA,NA,7.62,3.628,3.628,RW,NA,NA,NA,NA,4.117775050463732e-6,NA,NA,NA,NA,NA,NA,5,6
2024-08-30T00:00:00Z,NA,NA,0.3048,2.5349999999999966,2.3449999999999966,RW,NA,NA,NA,NA,4.616008962391615e-6,NA,NA,NA,NA,NA,NA,6,1
2024-08-30T00:00:00Z,NA,NA,7.62,-3.325000000000003,-4.305000000000003,upland,NA,NA,NA,NA,4.616008962391615e-6,NA,NA,NA,NA,NA,NA,6,5
2024-08-30T00:00:00Z,NA,NA,4.2672,0.3539999999999992,-0.03600000000000081,RW,NA,NA,NA,NA,3.2932280814273686e-6,NA,NA,NA,NA,NA,NA,9,3
2024-08-30T00:00:00Z,NA,NA,0.3,0.42600000000000193,NA,RW,NA,NA,NA,NA,3.2932280814273686e-6,NA,NA,NA,NA,NA,NA,9,4
2024-10-04T00:00:00Z,NA,NA,0.3048,2.5349999999999966,2.2399999999999967,RW,NA,NA,NA,NA,8.316457982613584e-6,NA,NA,NA,NA,NA,NA,6,1
2024-10-04T00:00:00Z,NA,NA,0.3048,0,-0.7899999999999999,RW,NA,NA,NA,NA,4.6171831335339265e-6,NA,NA,NA,NA,NA,NA,9,1
2024-10-04T00:00:00Z,NA,NA,1.524,3.4299999999999997,2.26,RW,NA,NA,NA,NA,4.6171831335339265e-6,NA,NA,NA,NA,NA,NA,9,2
2024-10-04T00:00:00Z,NA,NA,0.3,0.42600000000000193,-1.0289999999999981,RW,NA,NA,NA,NA,4.6171831335339265e-6,NA,NA,NA,NA,NA,NA,9,4
2024-11-01T00:00:00Z,NA,NA,7.62,3.628,NA,RW,NA,NA,NA,NA,3.878916574355414e-6,NA,NA,NA,NA,NA,NA,5,6
2024-12-09T00:00:00Z,NA,NA,4.2672,4.554000000000002,3.5440000000000023,RW,NA,NA,NA,NA,3.592722505994083e-6,NA,NA,NA,NA,NA,NA,5,1
2024-12-09T00:00:00Z,NA,NA,7.62,-3.325000000000003,-5.405000000000003,upland,NA,NA,NA,NA,3.8394217031128854e-7,NA,NA,NA,NA,NA,NA,6,5
2025-01-30T00:00:00Z,NA,NA,16.806672,5.341000000000001,5.381000000000001,upland,365.76877012753016,0.00102094613312678,15.83982948735397,0.01008581260219435,5.8137625173968676e-6,3.6576877012753015e-4,1.02094613312678e-9,0.029998530582767535,8.373291078755436e-8,NA,NA,5,8
2025-01-30T00:00:00Z,NA,NA,7.62,-3.325000000000003,-4.573000000000002,upland,NA,NA,NA,NA,9.396218568103033e-7,NA,NA,NA,NA,NA,NA,6,5
2025-03-12T00:00:00Z,NA,NA,16.806672,5.341000000000001,5.496000000000001,upland,NA,NA,NA,NA,1.0965248899341058e-5,NA,NA,NA,NA,NA,NA,5,8
2025-04-17T00:00:00Z,NA,NA,4.2672,4.554000000000002,NA,RW,NA,NA,NA,NA,3.430271326188278e-6,NA,NA,NA,NA,NA,NA,5,1
2025-04-17T00:00:00Z,NA,NA,16.806672,5.341000000000001,4.956000000000001,upland,NA,NA,NA,NA,3.430271326188278e-6,NA,NA,NA,NA,NA,NA,5,8
2025-04-17T00:00:00Z,NA,NA,20,1.267000000000003,NA,upland,NA,NA,NA,NA,5.093389615297086e-7,NA,NA,NA,NA,NA,NA,9,5
