Site_ID,person,Lat,Long
5a,Azade,29.8916929,-82.268148
5a,Azade,29.8916929,-82.268148
5a,Azade,29.891165,-82.2685506
5a,Azade,29.891165,-82.2685506
5a,Azade,29.8946299,-82.2683096
5a,Azade,29.8946299,-82.2683096
5,Azade,29.87543,-82.27823
5,Azade,29.87543,-82.27823
5,Azade,29.87477,-82.2795
5,Azade,29.87477,-82.2795
5,Azade,29.87659,-82.27947
5,Azade,29.87659,-82.27947
5,Azade,29.876044,-82.279617
5,Azade,29.876044,-82.279617
5,Azade,29.87103,-82.281802
5,Azade,29.87103,-82.281802
5,Azade,29.872931,-82.278271
5,Azade,29.872931,-82.278271
5a,Azade,29.886551,-82.267277000000007
5a,Azade,29.886551,-82.267277000000007
5a,Azade,29.886936,-82.26582
5a,Azade,29.886936,-82.26582
5a,Azade,29.889472,-82.265641
5a,Azade,29.889472,-82.265641
5a,Azade,29.885836,-82.266913
5a,Azade,29.885836,-82.266913
6a,Azade,29.9581235,-82.2299751
6a,Azade,29.9581235,-82.2299751
6a,Azade,29.9596537,-82.2303613
6a,Azade,29.9596537,-82.2303613
6a,Azade,29.9587361,-82.2293213
6a,Azade,29.9587361,-82.2293213
9,Azade,29.9124376,-82.2438599
9,Azade,29.9124376,-82.2438599
9,Azade,29.9142165,-82.2322503
9,Azade,29.9142165,-82.2322503
9,Azade,29.9114603,-82.2406091
9,Azade,29.9114603,-82.2406091
14,Azade,29.9196623,-82.2731747
14,Azade,29.9196623,-82.2731747
14,Azade,29.9243404,-82.2766683
14,Azade,29.9243404,-82.2766683
14,Azade,29.923247,-82.2766881
14,Azade,29.923247,-82.2766881
14,Azade,29.9289835,-82.273331
14,Azade,29.9289835,-82.273331
3,Azade,29.9997507,-82.2127033
3,Azade,29.9997507,-82.2127033
3,Azade,29.9905634,-82.2079877
3,Azade,29.9905634,-82.2079877
7,Azade,29.9752374,-82.2276248
7,Azade,29.9752374,-82.2276248
7,Azade,29.9765597,-82.2285334
7,Azade,29.9765597,-82.2285334
7,Azade,29.975919,-82.2269443
7,Azade,29.975919,-82.2269443
7,Azade,29.9734023,-82.2285186
7,Azade,29.9734023,-82.2285186
7,Azade,29.9680949,-82.2308612
7,Azade,29.9680949,-82.2308612
14,Azade,29.9092054,-82.2763444
14,Azade,29.9092054,-82.2763444
14,Azade,29.9113853,-82.2800117
14,Azade,29.9113853,-82.2800117
14,Azade,29.9080711,-82.2891849
14,Azade,29.9080711,-82.2891849
14,Azade,29.91025,-82.2904
14,Azade,29.91025,-82.2904
14,Azade,29.9063671,-82.298755
14,Azade,29.9063671,-82.298755
14,Azade,29.9110313,-82.2756042
14,Azade,29.9110313,-82.2756042
NA,Azade,29.9092054,-82.2763444
NA,Azade,29.9092054,-82.2763444
NA,Azade,29.8856034,-82.1669469
NA,Azade,29.8856034,-82.1669469
NA,Azade,29.8855331,-82.1685243
NA,Azade,29.8855331,-82.1685243
NA,Azade,29.8798196,-82.165133
NA,Azade,29.8798196,-82.165133
NA,Azade,29.8795746,-82.1543103
NA,Azade,29.8795746,-82.1543103
NA,Azade,29.8794374,-82.1536656
NA,Azade,29.8794374,-82.1536656
NA,Azade,29.8817444,-82.1645024
NA,Azade,29.8817444,-82.1645024
15,Azade,29.8954207,-82.2928524
15,Azade,29.8954207,-82.2928524
15,Azade,29.8935401,-82.2909531
15,Azade,29.8935401,-82.2909531
15,Azade,29.8930044,-82.2939488
15,Azade,29.8930044,-82.2939488
15,Azade,29.8939968,-82.294273
15,Azade,29.8939968,-82.294273
15,Azade,29.8938573,-82.2974685
15,Azade,29.8938573,-82.2974685
15,Azade,29.896793,-82.2976851
15,Azade,29.896793,-82.2976851
15,Azade,29.8957893,-82.3084736
15,Azade,29.8957893,-82.3084736
15,Azade,29.8940825,-82.2844863
15,Azade,29.8940825,-82.2844863
13,Azade,29.8796853,-82.2041015
13,Azade,29.8796853,-82.2041015
13,Azade,29.8822866,-82.2031895
13,Azade,29.8822866,-82.2031895
13,Azade,29.8814342,-82.1909986
13,Azade,29.8814342,-82.1909986
13,Azade,29.8781204,-82.1897034
13,Azade,29.8781204,-82.1897034
13,Azade,29.893655,-82.1943225
13,Azade,29.893655,-82.1943225
13,Azade,29.8910686,-82.1917151
13,Azade,29.8910686,-82.1917151
13,Azade,29.8946269,-82.1838532
13,Azade,29.8946269,-82.1838532
14,Azade,29.9396949,-82.2477484
14,Azade,29.9396949,-82.2477484
14,Azade,29.9462387,-82.2454457
14,Azade,29.9462387,-82.2454457
14,Azade,29.9456669,-82.2503361
14,Azade,29.9456669,-82.2503361
14,Azade,29.9464141,-82.2645672
14,Azade,29.9464141,-82.2645672
14,Azade,29.9298415,-82.2264664
14,Azade,29.9298415,-82.2264664
14,Azade,29.9334549,-82.2278766
14,Azade,29.9334549,-82.2278766
14,Azade,29.9387355,-82.2471647
14,Azade,29.9387355,-82.2471647
3,Azade,29.9722529,-82.1842951
3,Azade,29.9722529,-82.1842951
3,Azade,29.9792821,-82.1885417
3,Azade,29.9792821,-82.1885417
3,Azade,29.980145,-82.1953676
3,Azade,29.980145,-82.1953676
3,Azade,29.9739162,-82.1953082
3,Azade,29.9739162,-82.1953082
3,Azade,30.0060443,-82.2170435
3,Azade,30.0060443,-82.2170435
3,Azade,30.0069743,-82.2170884
3,Azade,30.0069743,-82.2170884
3,Azade,30.009011,-82.2176101
3,Azade,30.009011,-82.2176101
3,Azade,30.0104046,-82.2185465
3,Azade,30.0104046,-82.2185465
3,Azade,30.004466,-82.220866
3,Azade,30.004466,-82.220866
NA,Azade,29.9071271,-82.2136663
NA,Azade,29.9071271,-82.2136663
NA,Azade,29.9007389,-82.212619900000007
NA,Azade,29.9007389,-82.212619900000007
NA,Azade,29.8925463,-82.2109488
NA,Azade,29.8925463,-82.2109488
NA,Azade,30.0104046,-82.2185465
NA,Azade,30.0104046,-82.2185465
NA,Azade,29.9124338,-82.2137759
NA,Azade,29.9124338,-82.2137759
NA,Azade,29.8969284,-82.2198601
NA,Azade,29.8969284,-82.2198601
NA,Azade,29.90695,-82.2122
NA,Azade,29.90695,-82.2122
NA,Azade,29.8728078,-82.2430425
NA,Azade,29.8728078,-82.2430425
NA,Azade,29.8685119,-82.2452731
NA,Azade,29.8685119,-82.2452731
NA,Azade,29.8713934,-82.2482711
NA,Azade,29.8713934,-82.2482711
5,Azade,29.8850717,-82.255159
5,Azade,29.8850717,-82.255159
5,Azade,29.8838967,-82.2585131
5,Azade,29.8838967,-82.2585131
NA,Azade,29.8931608,-82.2322553
NA,Azade,29.8931608,-82.2322553
NA,Azade,29.8840087,-82.2385025
NA,Azade,29.8840087,-82.2385025
6a,Azade,29.9538199,-82.2224257
6a,Azade,29.9538199,-82.2224257
6a,Azade,29.9480378,-82.2238187
6a,Azade,29.9480378,-82.2238187
6a,Azade,29.9495426,-82.2236045
6a,Azade,29.9495426,-82.2236045
6a,Azade,29.9479437,-82.2216864
6a,Azade,29.9479437,-82.2216864
6a,Azade,29.9465074,-82.2293451
6a,Azade,29.9465074,-82.2293451
NA,Azade,30.0005695,-82.2296824
NA,Azade,30.0005695,-82.2296824
3,Azade,29.9905398,-82.2342636
3,Azade,29.9905398,-82.2342636
NA,Azade,29.9912818,-82.2316692
NA,Azade,29.9912818,-82.2316692
3,Azade,29.9899707,-82.2258623
3,Azade,29.9899707,-82.2258623
3,Azade,29.9864491,-82.2224783
3,Azade,29.9864491,-82.2224783
NA,Azade,29.9912696,-82.2303841
NA,Azade,29.9912696,-82.2303841
NA,Azade,30.0046719,-82.2314952
NA,Azade,30.0046719,-82.2314952
15_409,Faith,29.903475800000002,-82.3007382
15_409,Faith,29.903475800000002,-82.3007382
15_409,Faith,29.903475800000002,-82.3007382
15_409,Faith,29.903475800000002,-82.3007382
15_409,Faith,29.903475800000002,-82.3007382
15_409,Faith,29.903475800000002,-82.3007382
15_409,Faith,29.903475800000002,-82.3007382
15_409,Faith,29.903475800000002,-82.3007382
15_409,Faith,29.903475800000002,-82.3007382
15_409,Faith,29.903475800000002,-82.3007382
15_409,Faith,29.903475800000002,-82.3007382
15_409,Faith,29.903475800000002,-82.3007382
15_409,Faith,29.903475800000002,-82.3007382
15_409,Faith,29.903475800000002,-82.3007382
15_409,Faith,29.903475800000002,-82.3007382
15_409,Faith,29.903475800000002,-82.3007382
15_409,Faith,29.903475800000002,-82.3007382
15_409,Faith,29.903475800000002,-82.3007382
15_409,Faith,29.903475800000002,-82.3007382
15_409,Faith,29.903475800000002,-82.3007382
15_409,Faith,29.903475800000002,-82.3007382
15_409,Faith,29.903475800000002,-82.3007382
15_409,Faith,29.903475800000002,-82.3007382
15_409,Faith,29.903475800000002,-82.3007382
15_409,Faith,29.903475800000002,-82.3007382
15_409,Faith,29.903475800000002,-82.3007382
15_409,Faith,29.903475800000002,-82.3007382
15_409,Faith,29.903475800000002,-82.3007382
15_409,Faith,29.903475800000002,-82.3007382
15_409,Faith,29.903475800000002,-82.3007382
15_409,Faith,29.903475800000002,-82.3007382
15_409,Faith,29.903475800000002,-82.3007382
15_409,Faith,29.903475800000002,-82.3007382
15_409,Faith,29.903475800000002,-82.3007382
15_409,Faith,29.903475800000002,-82.3007382
15_409,Faith,29.903475800000002,-82.3007382
15_409,Faith,29.903475800000002,-82.3007382
15_409,Faith,29.903475800000002,-82.3007382
15_409,Faith,29.903475800000002,-82.3007382
15_409,Faith,29.903475800000002,-82.3007382
15_409,Faith,29.903475800000002,-82.3007382
15_409,Faith,29.903475800000002,-82.3007382
15_409,Faith,29.903475800000002,-82.3007382
15_409,Faith,29.903475800000002,-82.3007382
15_409,Faith,29.903475800000002,-82.3007382
15_409,Faith,29.903475800000002,-82.3007382
15_409,Faith,29.903475800000002,-82.3007382
15_409,Faith,29.903475800000002,-82.3007382
15_409,Faith,29.903475800000002,-82.3007382
15_409,Faith,29.903475800000002,-82.3007382
15_409,Faith,29.903475800000002,-82.3007382
15_409,Faith,29.903475800000002,-82.3007382
15_409,Faith,29.903475800000002,-82.3007382
15_409,Faith,29.903475800000002,-82.3007382
15_409,Faith,29.903475800000002,-82.3007382
15_409,Faith,29.903475800000002,-82.3007382
15_409,Faith,29.903475800000002,-82.3007382
15_409,Faith,29.903475800000002,-82.3007382
15_409,Faith,29.903475800000002,-82.3007382
6_93,Faith,29.9640872,-82.2113133
6_93,Faith,29.9640872,-82.2113133
6_93,Faith,29.9640872,-82.2113133
6_93,Faith,29.9640872,-82.2113133
6_93,Faith,29.9640872,-82.2113133
6_93,Faith,29.9640872,-82.2113133
6_93,Faith,29.9640872,-82.2113133
6_93,Faith,29.9640872,-82.2113133
6_93,Faith,29.9640872,-82.2113133
6_93,Faith,29.9640872,-82.2113133
6_93,Faith,29.9640872,-82.2113133
6_93,Faith,29.9640872,-82.2113133
6_93,Faith,29.9640872,-82.2113133
6_93,Faith,29.9640872,-82.2113133
6_93,Faith,29.9640872,-82.2113133
6_93,Faith,29.9640872,-82.2113133
6_93,Faith,29.9640872,-82.2113133
6_93,Faith,29.9640872,-82.2113133
6_93,Faith,29.9640872,-82.2113133
6_93,Faith,29.9640872,-82.2113133
6_93,Faith,29.9640872,-82.2113133
6_93,Faith,29.9640872,-82.2113133
6_93,Faith,29.9640872,-82.2113133
6_93,Faith,29.9640872,-82.2113133
6_93,Faith,29.9640872,-82.2113133
6_93,Faith,29.9640872,-82.2113133
6_93,Faith,29.9640872,-82.2113133
6_93,Faith,29.9640872,-82.2113133
6_93,Faith,29.9640872,-82.2113133
6_93,Faith,29.9640872,-82.2113133
6_93,Faith,29.9640872,-82.2113133
6_93,Faith,29.9640872,-82.2113133
6_93,Faith,29.9640872,-82.2113133
6_93,Faith,29.9640872,-82.2113133
6_93,Faith,29.9640872,-82.2113133
6_93,Faith,29.9640872,-82.2113133
6_93,Faith,29.9640872,-82.2113133
6_93,Faith,29.9640872,-82.2113133
6_93,Faith,29.9640872,-82.2113133
6_93,Faith,29.9640872,-82.2113133
6_93,Faith,29.9640872,-82.2113133
6_93,Faith,29.9640872,-82.2113133
6_93,Faith,29.9640872,-82.2113133
6_93,Faith,29.9640872,-82.2113133
6_93,Faith,29.9640872,-82.2113133
6_93,Faith,29.9640872,-82.2113133
6_93,Faith,29.9640872,-82.2113133
6_93,Faith,29.9640872,-82.2113133
6_93,Faith,29.9640872,-82.2113133
6_93,Faith,29.9640872,-82.2113133
6_93,Faith,29.9640872,-82.2113133
6_93,Faith,29.9640872,-82.2113133
6_93,Faith,29.9640872,-82.2113133
6_300,AJ,29.9703549,-82.2221323
6_300,AJ,29.970447,-82.221869
6_300,AJ,29.970597,-82.221709
6_300,AJ,29.970568,-82.221851
6_300,AJ,29.9703549,-82.2221323
6_300,AJ,29.970447,-82.221869
6_300,AJ,29.970597,-82.221709
6_300,AJ,29.970568,-82.221851
6_300,AJ,29.9703549,-82.2221323
6_300,AJ,29.970447,-82.221869
6_300,AJ,29.970597,-82.221709
6_300,AJ,29.970568,-82.221851
6_300,AJ,29.9703549,-82.2221323
6_300,AJ,29.970447,-82.221869
6_300,AJ,29.970597,-82.221709
6_300,AJ,29.970568,-82.221851
6_300,AJ,29.9703549,-82.2221323
6_300,AJ,29.970447,-82.221869
6_300,AJ,29.970597,-82.221709
6_300,AJ,29.970568,-82.221851
6_300,AJ,29.9703549,-82.2221323
6_300,AJ,29.970447,-82.221869
6_300,AJ,29.970597,-82.221709
6_300,AJ,29.970568,-82.221851
6_300,AJ,29.9703549,-82.2221323
6_300,AJ,29.970447,-82.221869
6_300,AJ,29.970597,-82.221709
6_300,AJ,29.970568,-82.221851
6_20,AJ,29.9717,-82.234545
6_20,AJ,29.97131,-82.234802
6_20,AJ,29.971065,-82.234693
6_20,AJ,29.970928,-82.23467
6_20,AJ,29.9717,-82.234545
6_20,AJ,29.97131,-82.234802
6_20,AJ,29.971065,-82.234693
6_20,AJ,29.970928,-82.23467
6_20,AJ,29.9717,-82.234545
6_20,AJ,29.97131,-82.234802
6_20,AJ,29.971065,-82.234693
6_20,AJ,29.970928,-82.23467
6_20,AJ,29.9717,-82.234545
6_20,AJ,29.97131,-82.234802
6_20,AJ,29.971065,-82.234693
6_20,AJ,29.970928,-82.23467
6_20,AJ,29.9717,-82.234545
6_20,AJ,29.97131,-82.234802
6_20,AJ,29.971065,-82.234693
6_20,AJ,29.970928,-82.23467
6_20,AJ,29.9717,-82.234545
6_20,AJ,29.97131,-82.234802
6_20,AJ,29.971065,-82.234693
6_20,AJ,29.970928,-82.23467
6_20,AJ,29.9717,-82.234545
6_20,AJ,29.97131,-82.234802
6_20,AJ,29.971065,-82.234693
6_20,AJ,29.970928,-82.23467
14_115,AJ,29.9147165424809,-82.29697247
14_115,AJ,29.9148060493478,-82.29697516
14_115,AJ,29.914879282179,-82.29701271
14_115,AJ,29.9148118614792,-82.29704221
14_115,AJ,29.9147165424809,-82.29697247
14_115,AJ,29.9148060493478,-82.29697516
14_115,AJ,29.914879282179,-82.29701271
14_115,AJ,29.9148118614792,-82.29704221
14_115,AJ,29.9147165424809,-82.29697247
14_115,AJ,29.9148060493478,-82.29697516
14_115,AJ,29.914879282179,-82.29701271
14_115,AJ,29.9148118614792,-82.29704221
14_115,AJ,29.9147165424809,-82.29697247
14_115,AJ,29.9148060493478,-82.29697516
14_115,AJ,29.914879282179,-82.29701271
14_115,AJ,29.9148118614792,-82.29704221
14_115,AJ,29.9147165424809,-82.29697247
14_115,AJ,29.9148060493478,-82.29697516
14_115,AJ,29.914879282179,-82.29701271
14_115,AJ,29.9148118614792,-82.29704221
14_115,AJ,29.9147165424809,-82.29697247
14_115,AJ,29.9148060493478,-82.29697516
14_115,AJ,29.914879282179,-82.29701271
14_115,AJ,29.9148118614792,-82.29704221
14_115,AJ,29.9147165424809,-82.29697247
14_115,AJ,29.9148060493478,-82.29697516
14_115,AJ,29.914879282179,-82.29701271
14_115,AJ,29.9148118614792,-82.29704221
14_115,AJ,29.9147165424809,-82.29697247
14_115,AJ,29.9148060493478,-82.29697516
14_115,AJ,29.914879282179,-82.29701271
14_115,AJ,29.9148118614792,-82.29704221
14_500,AJ,29.9193484610554,-82.30287284
14_500,AJ,29.9192439789471,-82.30269864
14_500,AJ,29.9193084897391,-82.30277646
14_500,AJ,29.9193728708916,-82.30276555
14_500,AJ,29.9193484610554,-82.30287284
14_500,AJ,29.9192439789471,-82.30269864
14_500,AJ,29.9193084897391,-82.30277646
14_500,AJ,29.9193728708916,-82.30276555
14_500,AJ,29.9193484610554,-82.30287284
14_500,AJ,29.9192439789471,-82.30269864
14_500,AJ,29.9193084897391,-82.30277646
14_500,AJ,29.9193728708916,-82.30276555
14_500,AJ,29.9193484610554,-82.30287284
14_500,AJ,29.9192439789471,-82.30269864
14_500,AJ,29.9193084897391,-82.30277646
14_500,AJ,29.9193728708916,-82.30276555
14_500,AJ,29.9193484610554,-82.30287284
14_500,AJ,29.9192439789471,-82.30269864
14_500,AJ,29.9193084897391,-82.30277646
14_500,AJ,29.9193728708916,-82.30276555
14_500,AJ,29.9193484610554,-82.30287284
14_500,AJ,29.9192439789471,-82.30269864
14_500,AJ,29.9193084897391,-82.30277646
14_500,AJ,29.9193728708916,-82.30276555
14_500,AJ,29.9193484610554,-82.30287284
14_500,AJ,29.9192439789471,-82.30269864
14_500,AJ,29.9193084897391,-82.30277646
14_500,AJ,29.9193728708916,-82.30276555
14_500,AJ,29.9193484610554,-82.30287284
14_500,AJ,29.9192439789471,-82.30269864
14_500,AJ,29.9193084897391,-82.30277646
14_500,AJ,29.9193728708916,-82.30276555
14/9_168,AJ,29.922465971123,-82.24840478
14/9_168,AJ,29.9226449969283,-82.24858769
14/9_168,AJ,29.9229204698955,-82.2486695
14/9_168,AJ,29.922465971123,-82.24840478
14/9_168,AJ,29.9226449969283,-82.24858769
14/9_168,AJ,29.9229204698955,-82.2486695
14/9_168,AJ,29.922465971123,-82.24840478
14/9_168,AJ,29.9226449969283,-82.24858769
14/9_168,AJ,29.9229204698955,-82.2486695
14/9_168,AJ,29.922465971123,-82.24840478
14/9_168,AJ,29.9226449969283,-82.24858769
14/9_168,AJ,29.9229204698955,-82.2486695
14/9_168,AJ,29.922465971123,-82.24840478
14/9_168,AJ,29.9226449969283,-82.24858769
14/9_168,AJ,29.9229204698955,-82.2486695
14/9_168,AJ,29.922465971123,-82.24840478
14/9_168,AJ,29.9226449969283,-82.24858769
14/9_168,AJ,29.9229204698955,-82.2486695
14/9_527,AJ,29.9395362567257,-82.24586162
14/9_527,AJ,29.9390466947254,-82.24569268
14/9_527,AJ,29.9389650471634,-82.24562455
14/9_527,AJ,29.938931442965,-82.24555817
14/9_527,AJ,29.9395362567257,-82.24586162
14/9_527,AJ,29.9390466947254,-82.24569268
14/9_527,AJ,29.9389650471634,-82.24562455
14/9_527,AJ,29.938931442965,-82.24555817
14/9_527,AJ,29.9395362567257,-82.24586162
14/9_527,AJ,29.9390466947254,-82.24569268
14/9_527,AJ,29.9389650471634,-82.24562455
14/9_527,AJ,29.938931442965,-82.24555817
14/9_527,AJ,29.9395362567257,-82.24586162
14/9_527,AJ,29.9390466947254,-82.24569268
14/9_527,AJ,29.9389650471634,-82.24562455
14/9_527,AJ,29.938931442965,-82.24555817
14/9_527,AJ,29.9395362567257,-82.24586162
14/9_527,AJ,29.9390466947254,-82.24569268
14/9_527,AJ,29.9389650471634,-82.24562455
14/9_527,AJ,29.938931442965,-82.24555817
14/9_601,AJ,29.9092137870889,-82.27217031
14/9_601,AJ,29.9091998371888,-82.2715829
14/9_601,AJ,29.9099066296691,-82.27213276
14/9_601,AJ,29.9099763786551,-82.27219445
14/9_601,AJ,29.9092137870889,-82.27217031
14/9_601,AJ,29.9091998371888,-82.2715829
14/9_601,AJ,29.9099066296691,-82.27213276
14/9_601,AJ,29.9099763786551,-82.27219445
14/9_601,AJ,29.9092137870889,-82.27217031
14/9_601,AJ,29.9091998371888,-82.2715829
14/9_601,AJ,29.9099066296691,-82.27213276
14/9_601,AJ,29.9099763786551,-82.27219445
14/9_601,AJ,29.9092137870889,-82.27217031
14/9_601,AJ,29.9091998371888,-82.2715829
14/9_601,AJ,29.9099066296691,-82.27213276
14/9_601,AJ,29.9099763786551,-82.27219445
14/9_601,AJ,29.9092137870889,-82.27217031
14/9_601,AJ,29.9091998371888,-82.2715829
14/9_601,AJ,29.9099066296691,-82.27213276
14/9_601,AJ,29.9099763786551,-82.27219445
15_4,AJ,29.898933,-82.292989
15_4,AJ,29.899095,-82.292934
15_4,AJ,29.8992329,-82.2929082
15_4,AJ,29.899387,-82.292914
15_4,AJ,29.898933,-82.292989
15_4,AJ,29.899095,-82.292934
15_4,AJ,29.8992329,-82.2929082
15_4,AJ,29.899387,-82.292914
15_4,AJ,29.898933,-82.292989
15_4,AJ,29.899095,-82.292934
15_4,AJ,29.8992329,-82.2929082
15_4,AJ,29.899387,-82.292914
15_4,AJ,29.898933,-82.292989
15_4,AJ,29.899095,-82.292934
15_4,AJ,29.8992329,-82.2929082
15_4,AJ,29.899387,-82.292914
15_4,AJ,29.898933,-82.292989
15_4,AJ,29.899095,-82.292934
15_4,AJ,29.8992329,-82.2929082
15_4,AJ,29.899387,-82.292914
15_4,AJ,29.898933,-82.292989
15_4,AJ,29.899095,-82.292934
15_4,AJ,29.8992329,-82.2929082
15_4,AJ,29.899387,-82.292914
15_4,AJ,29.898933,-82.292989
15_4,AJ,29.899095,-82.292934
15_4,AJ,29.8992329,-82.2929082
15_4,AJ,29.899387,-82.292914
15_4,AJ,29.898933,-82.292989
15_4,AJ,29.899095,-82.292934
15_4,AJ,29.8992329,-82.2929082
15_4,AJ,29.899387,-82.292914
15_409,AJ,29.903236,-82.300823
15_409,AJ,29.90333,-82.3008126
15_409,AJ,29.9033689,-82.3007753
15_409,AJ,29.903456,-82.300744
15_409,AJ,29.903236,-82.300823
15_409,AJ,29.90333,-82.3008126
15_409,AJ,29.9033689,-82.3007753
15_409,AJ,29.903456,-82.300744
15_409,AJ,29.903236,-82.300823
15_409,AJ,29.90333,-82.3008126
15_409,AJ,29.9033689,-82.3007753
15_409,AJ,29.903456,-82.300744
15_409,AJ,29.903236,-82.300823
15_409,AJ,29.90333,-82.3008126
15_409,AJ,29.9033689,-82.3007753
15_409,AJ,29.903456,-82.300744
15_409,AJ,29.903236,-82.300823
15_409,AJ,29.90333,-82.3008126
15_409,AJ,29.9033689,-82.3007753
15_409,AJ,29.903456,-82.300744
15_409,AJ,29.903236,-82.300823
15_409,AJ,29.90333,-82.3008126
15_409,AJ,29.9033689,-82.3007753
15_409,AJ,29.903456,-82.300744
15_409,AJ,29.903236,-82.300823
15_409,AJ,29.90333,-82.3008126
15_409,AJ,29.9033689,-82.3007753
15_409,AJ,29.903456,-82.300744
15_409,AJ,29.903236,-82.300823
15_409,AJ,29.90333,-82.3008126
15_409,AJ,29.9033689,-82.3007753
15_409,AJ,29.903456,-82.300744
15_268,AJ,29.8978454356736,-82.3167182926512
15_268,AJ,29.8975827,-82.3169507
15_268,AJ,29.89751,-82.316986
15_268,AJ,29.8978454356736,-82.3167182926512
15_268,AJ,29.8975827,-82.3169507
15_268,AJ,29.89751,-82.316986
15_268,AJ,29.8978454356736,-82.3167182926512
15_268,AJ,29.8975827,-82.3169507
15_268,AJ,29.89751,-82.316986
15_268,AJ,29.8978454356736,-82.3167182926512
15_268,AJ,29.8975827,-82.3169507
15_268,AJ,29.89751,-82.316986
15_268,AJ,29.8978454356736,-82.3167182926512
15_268,AJ,29.8975827,-82.3169507
15_268,AJ,29.89751,-82.316986
15_268,AJ,29.8978454356736,-82.3167182926512
15_268,AJ,29.8975827,-82.3169507
15_268,AJ,29.89751,-82.316986
15_268,AJ,29.8978454356736,-82.3167182926512
15_268,AJ,29.8975827,-82.3169507
15_268,AJ,29.89751,-82.316986
15_268,AJ,29.8978454356736,-82.3167182926512
15_268,AJ,29.8975827,-82.3169507
15_268,AJ,29.89751,-82.316986
13_410,AJ,29.888864,-82.18124
13_410,AJ,29.888757,-82.181117
13_410,AJ,29.8888638,-82.1812404
13_410,AJ,29.888478,-82.180997
13_410,AJ,29.888864,-82.18124
13_410,AJ,29.888757,-82.181117
13_410,AJ,29.8888638,-82.1812404
13_410,AJ,29.888478,-82.180997
13_410,AJ,29.888864,-82.18124
13_410,AJ,29.888757,-82.181117
13_410,AJ,29.8888638,-82.1812404
13_410,AJ,29.888478,-82.180997
13_410,AJ,29.888864,-82.18124
13_410,AJ,29.888757,-82.181117
13_410,AJ,29.8888638,-82.1812404
13_410,AJ,29.888478,-82.180997
13_410,AJ,29.888864,-82.18124
13_410,AJ,29.888757,-82.181117
13_410,AJ,29.8888638,-82.1812404
13_410,AJ,29.888478,-82.180997
13_410,AJ,29.888864,-82.18124
13_410,AJ,29.888757,-82.181117
13_410,AJ,29.8888638,-82.1812404
13_410,AJ,29.888478,-82.180997
13_410,AJ,29.888864,-82.18124
13_410,AJ,29.888757,-82.181117
13_410,AJ,29.8888638,-82.1812404
13_410,AJ,29.888478,-82.180997
13_410,AJ,29.888864,-82.18124
13_410,AJ,29.888757,-82.181117
13_410,AJ,29.8888638,-82.1812404
13_410,AJ,29.888478,-82.180997
13_274,AJ,29.892205,-82.184465
13_274,AJ,29.892067,-82.184371
13_274,AJ,29.891779,-82.184158
13_274,AJ,29.891513,-82.184111
13_274,AJ,29.892205,-82.184465
13_274,AJ,29.892067,-82.184371
13_274,AJ,29.891779,-82.184158
13_274,AJ,29.891513,-82.184111
13_274,AJ,29.892205,-82.184465
13_274,AJ,29.892067,-82.184371
13_274,AJ,29.891779,-82.184158
13_274,AJ,29.891513,-82.184111
13_274,AJ,29.892205,-82.184465
13_274,AJ,29.892067,-82.184371
13_274,AJ,29.891779,-82.184158
13_274,AJ,29.891513,-82.184111
13_274,AJ,29.892205,-82.184465
13_274,AJ,29.892067,-82.184371
13_274,AJ,29.891779,-82.184158
13_274,AJ,29.891513,-82.184111
13_274,AJ,29.892205,-82.184465
13_274,AJ,29.892067,-82.184371
13_274,AJ,29.891779,-82.184158
13_274,AJ,29.891513,-82.184111
13_274,AJ,29.892205,-82.184465
13_274,AJ,29.892067,-82.184371
13_274,AJ,29.891779,-82.184158
13_274,AJ,29.891513,-82.184111
9_332,AJ,29.9326606288089,-82.2362880653588
9_332,AJ,29.9318983281308,-82.2364639912152
9_332,AJ,29.9316950469637,-82.2366579607492
9_332,AJ,29.9315894969632,-82.2368519302831
9_332,AJ,29.9326606288089,-82.2362880653588
9_332,AJ,29.9318983281308,-82.2364639912152
9_332,AJ,29.9316950469637,-82.2366579607492
9_332,AJ,29.9315894969632,-82.2368519302831
9_332,AJ,29.9326606288089,-82.2362880653588
9_332,AJ,29.9318983281308,-82.2364639912152
9_332,AJ,29.9316950469637,-82.2366579607492
9_332,AJ,29.9315894969632,-82.2368519302831
9_332,AJ,29.9326606288089,-82.2362880653588
9_332,AJ,29.9318983281308,-82.2364639912152
9_332,AJ,29.9316950469637,-82.2366579607492
9_332,AJ,29.9315894969632,-82.2368519302831
9_332,AJ,29.9326606288089,-82.2362880653588
9_332,AJ,29.9318983281308,-82.2364639912152
9_332,AJ,29.9316950469637,-82.2366579607492
9_332,AJ,29.9315894969632,-82.2368519302831
9_332,AJ,29.9326606288089,-82.2362880653588
9_332,AJ,29.9318983281308,-82.2364639912152
9_332,AJ,29.9316950469637,-82.2366579607492
9_332,AJ,29.9315894969632,-82.2368519302831
9_332,AJ,29.9326606288089,-82.2362880653588
9_332,AJ,29.9318983281308,-82.2364639912152
9_332,AJ,29.9316950469637,-82.2366579607492
9_332,AJ,29.9315894969632,-82.2368519302831
3_34,AJ,29.9889226497831,-82.2025082349943
3_34,AJ,29.9888448252212,-82.202607476717
3_34,AJ,29.9887042762311,-82.2024063110433
3_34,AJ,29.9887489963859,-82.2022976815901
3_34,AJ,29.9889226497831,-82.2025082349943
3_34,AJ,29.9888448252212,-82.202607476717
3_34,AJ,29.9887042762311,-82.2024063110433
3_34,AJ,29.9887489963859,-82.2022976815901
3_34,AJ,29.9889226497831,-82.2025082349943
3_34,AJ,29.9888448252212,-82.202607476717
3_34,AJ,29.9887042762311,-82.2024063110433
3_34,AJ,29.9887489963859,-82.2022976815901
3_34,AJ,29.9889226497831,-82.2025082349943
3_34,AJ,29.9888448252212,-82.202607476717
3_34,AJ,29.9887042762311,-82.2024063110433
3_34,AJ,29.9887489963859,-82.2022976815901
3_34,AJ,29.9889226497831,-82.2025082349943
3_34,AJ,29.9888448252212,-82.202607476717
3_34,AJ,29.9887042762311,-82.2024063110433
3_34,AJ,29.9887489963859,-82.2022976815901
3_34,AJ,29.9889226497831,-82.2025082349943
3_34,AJ,29.9888448252212,-82.202607476717
3_34,AJ,29.9887042762311,-82.2024063110433
3_34,AJ,29.9887489963859,-82.2022976815901
3_34,AJ,29.9889226497831,-82.2025082349943
3_34,AJ,29.9888448252212,-82.202607476717
3_34,AJ,29.9887042762311,-82.2024063110433
3_34,AJ,29.9887489963859,-82.2022976815901
3_34,AJ,29.9889226497831,-82.2025082349943
3_34,AJ,29.9888448252212,-82.202607476717
3_34,AJ,29.9887042762311,-82.2024063110433
3_34,AJ,29.9887489963859,-82.2022976815901
3_311,AJ,29.9810846552107,-82.22389694381
3_311,AJ,29.9812554178872,-82.2238560401271
3_311,AJ,29.9812931715005,-82.2237903260134
3_311,AJ,29.9814517365199,-82.2237078480953
3_311,AJ,29.9810846552107,-82.22389694381
3_311,AJ,29.9812554178872,-82.2238560401271
3_311,AJ,29.9812931715005,-82.2237903260134
3_311,AJ,29.9814517365199,-82.2237078480953
3_311,AJ,29.9810846552107,-82.22389694381
3_311,AJ,29.9812554178872,-82.2238560401271
3_311,AJ,29.9812931715005,-82.2237903260134
3_311,AJ,29.9814517365199,-82.2237078480953
3_311,AJ,29.9810846552107,-82.22389694381
3_311,AJ,29.9812554178872,-82.2238560401271
3_311,AJ,29.9812931715005,-82.2237903260134
3_311,AJ,29.9814517365199,-82.2237078480953
3_311,AJ,29.9810846552107,-82.22389694381
3_311,AJ,29.9812554178872,-82.2238560401271
3_311,AJ,29.9812931715005,-82.2237903260134
3_311,AJ,29.9814517365199,-82.2237078480953
3_311,AJ,29.9810846552107,-82.22389694381
3_311,AJ,29.9812554178872,-82.2238560401271
3_311,AJ,29.9812931715005,-82.2237903260134
3_311,AJ,29.9814517365199,-82.2237078480953
3_311,AJ,29.9810846552107,-82.22389694381
3_311,AJ,29.9812554178872,-82.2238560401271
3_311,AJ,29.9812931715005,-82.2237903260134
3_311,AJ,29.9814517365199,-82.2237078480953
3_311,AJ,29.9810846552107,-82.22389694381
3_311,AJ,29.9812554178872,-82.2238560401271
3_311,AJ,29.9812931715005,-82.2237903260134
3_311,AJ,29.9814517365199,-82.2237078480953
5_161,AJ,NA,NA
5_161,AJ,NA,NA
5_161,AJ,NA,NA
5_161,AJ,NA,NA
5_161,AJ,NA,NA
9_609,AJ,29.9256385970709,-82.2411710478629
9_609,AJ,29.9257257695213,-82.2411214270016
9_609,AJ,29.9257937639797,-82.2410537012314
9_609,AJ,29.925843161634,-82.2409933515352
9_609,AJ,29.9256385970709,-82.2411710478629
9_609,AJ,29.9257257695213,-82.2411214270016
9_609,AJ,29.9257937639797,-82.2410537012314
9_609,AJ,29.925843161634,-82.2409933515352
9_609,AJ,29.9256385970709,-82.2411710478629
9_609,AJ,29.9257257695213,-82.2411214270016
9_609,AJ,29.9257937639797,-82.2410537012314
9_609,AJ,29.925843161634,-82.2409933515352
9_609,AJ,29.9256385970709,-82.2411710478629
9_609,AJ,29.9257257695213,-82.2411214270016
9_609,AJ,29.9257937639797,-82.2410537012314
9_609,AJ,29.925843161634,-82.2409933515352
9_609,AJ,29.9256385970709,-82.2411710478629
9_609,AJ,29.9257257695213,-82.2411214270016
9_609,AJ,29.9257937639797,-82.2410537012314
9_609,AJ,29.925843161634,-82.2409933515352
9_609,AJ,29.9256385970709,-82.2411710478629
9_609,AJ,29.9257257695213,-82.2411214270016
9_609,AJ,29.9257937639797,-82.2410537012314
9_609,AJ,29.925843161634,-82.2409933515352
9_609,AJ,29.9256385970709,-82.2411710478629
9_609,AJ,29.9257257695213,-82.2411214270016
9_609,AJ,29.9257937639797,-82.2410537012314
9_609,AJ,29.925843161634,-82.2409933515352
9_609,AJ,29.9256385970709,-82.2411710478629
9_609,AJ,29.9257257695213,-82.2411214270016
9_609,AJ,29.9257937639797,-82.2410537012314
9_609,AJ,29.925843161634,-82.2409933515352
