OID_,Site_ID,person,Lat,Long,RASTERVALU
1,5a,Azade,29.891692899999999,-82.268147999999997,45214
2,5a,Azade,29.891692899999999,-82.268147999999997,45214
3,5a,Azade,29.891165000000001,-82.268550599999998,44541
4,5a,Azade,29.891165000000001,-82.268550599999998,44541
5,5a,Azade,29.894629900000002,-82.268309599999995,45330
6,5a,Azade,29.894629900000002,-82.268309599999995,45330
7,5,Azade,29.875430000000001,-82.278229999999994,39315
8,5,Azade,29.875430000000001,-82.278229999999994,39315
9,5,Azade,29.874770000000002,-82.279499999999999,38698
10,5,Azade,29.874770000000002,-82.279499999999999,38698
11,5,Azade,29.876590000000000,-82.279470000000003,38548
12,5,Azade,29.876590000000000,-82.279470000000003,38548
13,5,Azade,29.876044000000000,-82.279617000000002,38639
14,5,Azade,29.876044000000000,-82.279617000000002,38639
15,5,Azade,29.871030000000001,-82.281801999999999,37311
16,5,Azade,29.871030000000001,-82.281801999999999,37311
17,5,Azade,29.872931000000001,-82.278271000000004,39034
18,5,Azade,29.872931000000001,-82.278271000000004,39034
19,5a,Azade,29.886551000000001,-82.267277000000007,44428
20,5a,Azade,29.886551000000001,-82.267277000000007,44428
21,5a,Azade,29.886935999999999,-82.265820000000005,45166
22,5a,Azade,29.886935999999999,-82.265820000000005,45166
23,5a,Azade,29.889472000000001,-82.265641000000002,45333
24,5a,Azade,29.889472000000001,-82.265641000000002,45333
25,5a,Azade,29.885836000000001,-82.266913000000002,44934
26,5a,Azade,29.885836000000001,-82.266913000000002,44934
27,6a,Azade,29.958123499999999,-82.229975100000004,45959
28,6a,Azade,29.958123499999999,-82.229975100000004,45959
29,6a,Azade,29.959653700000000,-82.230361299999998,45585
30,6a,Azade,29.959653700000000,-82.230361299999998,45585
31,6a,Azade,29.958736099999999,-82.229321299999995,45212
32,6a,Azade,29.958736099999999,-82.229321299999995,45212
33,9,Azade,29.912437600000001,-82.243859900000004,44272
34,9,Azade,29.912437600000001,-82.243859900000004,44272
35,9,Azade,29.914216499999998,-82.232250300000004,44305
36,9,Azade,29.914216499999998,-82.232250300000004,44305
37,9,Azade,29.911460300000002,-82.240609100000000,44128
38,9,Azade,29.911460300000002,-82.240609100000000,44128
39,14,Azade,29.919662299999999,-82.273174699999998,46213
40,14,Azade,29.919662299999999,-82.273174699999998,46213
41,14,Azade,29.924340399999998,-82.276668299999997,46945
42,14,Azade,29.924340399999998,-82.276668299999997,46945
43,14,Azade,29.923247000000000,-82.276688100000001,46724
44,14,Azade,29.923247000000000,-82.276688100000001,46724
45,14,Azade,29.928983500000001,-82.273330999999999,47030
46,14,Azade,29.928983500000001,-82.273330999999999,47030
47,3,Azade,29.999750700000000,-82.212703300000001,45055
48,3,Azade,29.999750700000000,-82.212703300000001,45055
49,3,Azade,29.990563399999999,-82.207987700000004,44356
50,3,Azade,29.990563399999999,-82.207987700000004,44356
51,7,Azade,29.975237400000001,-82.227624800000001,45485
52,7,Azade,29.975237400000001,-82.227624800000001,45485
53,7,Azade,29.976559699999999,-82.228533400000003,46137
54,7,Azade,29.976559699999999,-82.228533400000003,46137
55,7,Azade,29.975919000000001,-82.226944300000000,46220
56,7,Azade,29.975919000000001,-82.226944300000000,46220
57,7,Azade,29.973402300000000,-82.228518600000001,45804
58,7,Azade,29.973402300000000,-82.228518600000001,45804
59,7,Azade,29.968094900000001,-82.230861200000007,45790
60,7,Azade,29.968094900000001,-82.230861200000007,45790
61,14,Azade,29.909205400000001,-82.276344399999999,46056
62,14,Azade,29.909205400000001,-82.276344399999999,46056
63,14,Azade,29.911385299999999,-82.280011700000003,46353
64,14,Azade,29.911385299999999,-82.280011700000003,46353
65,14,Azade,29.908071100000001,-82.289184899999995,45293
66,14,Azade,29.908071100000001,-82.289184899999995,45293
67,14,Azade,29.910250000000001,-82.290400000000005,44459
68,14,Azade,29.910250000000001,-82.290400000000005,44459
69,14,Azade,29.906367100000001,-82.298755000000000,43800
70,14,Azade,29.906367100000001,-82.298755000000000,43800
71,14,Azade,29.911031300000001,-82.275604200000004,46094
72,14,Azade,29.911031300000001,-82.275604200000004,46094
73,NA,Azade,29.909205400000001,-82.276344399999999,46056
74,NA,Azade,29.909205400000001,-82.276344399999999,46056
75,NA,Azade,29.885603400000001,-82.166946899999999,45546
76,NA,Azade,29.885603400000001,-82.166946899999999,45546
77,NA,Azade,29.885533100000000,-82.168524300000001,45905
78,NA,Azade,29.885533100000000,-82.168524300000001,45905
79,NA,Azade,29.879819600000001,-82.165132999999997,45735
80,NA,Azade,29.879819600000001,-82.165132999999997,45735
81,NA,Azade,29.879574600000002,-82.154310300000006,44764
82,NA,Azade,29.879574600000002,-82.154310300000006,44764
83,NA,Azade,29.879437400000000,-82.153665599999997,44202
84,NA,Azade,29.879437400000000,-82.153665599999997,44202
85,NA,Azade,29.881744399999999,-82.164502400000003,45930
86,NA,Azade,29.881744399999999,-82.164502400000003,45930
87,15,Azade,29.895420699999999,-82.292852400000001,46290
88,15,Azade,29.895420699999999,-82.292852400000001,46290
89,15,Azade,29.893540099999999,-82.290953099999996,46159
90,15,Azade,29.893540099999999,-82.290953099999996,46159
91,15,Azade,29.893004399999999,-82.293948799999995,44722
92,15,Azade,29.893004399999999,-82.293948799999995,44722
93,15,Azade,29.893996800000000,-82.294273000000004,45547
94,15,Azade,29.893996800000000,-82.294273000000004,45547
95,15,Azade,29.893857300000001,-82.297468499999994,44640
96,15,Azade,29.893857300000001,-82.297468499999994,44640
97,15,Azade,29.896792999999999,-82.297685099999995,46301
98,15,Azade,29.896792999999999,-82.297685099999995,46301
99,15,Azade,29.895789300000001,-82.308473599999999,43581
100,15,Azade,29.895789300000001,-82.308473599999999,43581
101,15,Azade,29.894082500000000,-82.284486299999998,45582
102,15,Azade,29.894082500000000,-82.284486299999998,45582
103,13,Azade,29.879685299999998,-82.204101499999993,43443
104,13,Azade,29.879685299999998,-82.204101499999993,43443
105,13,Azade,29.882286600000000,-82.203189499999993,42936
106,13,Azade,29.882286600000000,-82.203189499999993,42936
107,13,Azade,29.881434200000001,-82.190998600000000,44607
108,13,Azade,29.881434200000001,-82.190998600000000,44607
109,13,Azade,29.878120400000000,-82.189703399999999,43493
110,13,Azade,29.878120400000000,-82.189703399999999,43493
111,13,Azade,29.893654999999999,-82.194322499999998,43613
112,13,Azade,29.893654999999999,-82.194322499999998,43613
113,13,Azade,29.891068600000001,-82.191715099999996,44693
114,13,Azade,29.891068600000001,-82.191715099999996,44693
115,13,Azade,29.894626899999999,-82.183853200000001,45713
116,13,Azade,29.894626899999999,-82.183853200000001,45713
117,14,Azade,29.939694899999999,-82.247748400000006,46379
118,14,Azade,29.939694899999999,-82.247748400000006,46379
119,14,Azade,29.946238699999999,-82.245445700000005,46702
120,14,Azade,29.946238699999999,-82.245445700000005,46702
121,14,Azade,29.945666899999999,-82.250336099999998,47222
122,14,Azade,29.945666899999999,-82.250336099999998,47222
123,14,Azade,29.946414099999998,-82.264567200000002,47070
124,14,Azade,29.946414099999998,-82.264567200000002,47070
125,14,Azade,29.929841499999998,-82.226466400000007,44740
126,14,Azade,29.929841499999998,-82.226466400000007,44740
127,14,Azade,29.933454900000001,-82.227876600000002,44802
128,14,Azade,29.933454900000001,-82.227876600000002,44802
129,14,Azade,29.938735500000000,-82.247164699999999,46318
130,14,Azade,29.938735500000000,-82.247164699999999,46318
131,3,Azade,29.972252900000001,-82.184295100000000,44288
132,3,Azade,29.972252900000001,-82.184295100000000,44288
133,3,Azade,29.979282099999999,-82.188541700000002,44083
134,3,Azade,29.979282099999999,-82.188541700000002,44083
135,3,Azade,29.980145000000000,-82.195367599999997,44074
136,3,Azade,29.980145000000000,-82.195367599999997,44074
137,3,Azade,29.973916200000001,-82.195308199999999,44633
138,3,Azade,29.973916200000001,-82.195308199999999,44633
139,3,Azade,30.006044299999999,-82.217043500000003,44133
140,3,Azade,30.006044299999999,-82.217043500000003,44133
141,3,Azade,30.006974300000000,-82.217088399999994,44156
142,3,Azade,30.006974300000000,-82.217088399999994,44156
143,3,Azade,30.009011000000001,-82.217610100000002,43743
144,3,Azade,30.009011000000001,-82.217610100000002,43743
145,3,Azade,30.010404600000001,-82.218546500000002,43516
146,3,Azade,30.010404600000001,-82.218546500000002,43516
147,3,Azade,30.004466000000001,-82.220866000000001,44707
148,3,Azade,30.004466000000001,-82.220866000000001,44707
149,NA,Azade,29.907127100000000,-82.213666300000000,41668
150,NA,Azade,29.907127100000000,-82.213666300000000,41668
151,NA,Azade,29.900738900000000,-82.212619900000007,42692
152,NA,Azade,29.900738900000000,-82.212619900000007,42692
153,NA,Azade,29.892546299999999,-82.210948799999997,42167
154,NA,Azade,29.892546299999999,-82.210948799999997,42167
155,NA,Azade,30.010404600000001,-82.218546500000002,43516
156,NA,Azade,30.010404600000001,-82.218546500000002,43516
157,NA,Azade,29.912433799999999,-82.213775900000002,43230
158,NA,Azade,29.912433799999999,-82.213775900000002,43230
159,NA,Azade,29.896928400000000,-82.219860100000005,39284
160,NA,Azade,29.896928400000000,-82.219860100000005,39284
161,NA,Azade,29.906949999999998,-82.212199999999996,42377
162,NA,Azade,29.906949999999998,-82.212199999999996,42377
163,NA,Azade,29.872807800000000,-82.243042500000001,46674
164,NA,Azade,29.872807800000000,-82.243042500000001,46674
165,NA,Azade,29.868511900000001,-82.245273100000006,46391
166,NA,Azade,29.868511900000001,-82.245273100000006,46391
167,NA,Azade,29.871393399999999,-82.248271099999997,47420
168,NA,Azade,29.871393399999999,-82.248271099999997,47420
169,5,Azade,29.885071700000001,-82.255159000000006,46878
170,5,Azade,29.885071700000001,-82.255159000000006,46878
171,5,Azade,29.883896700000001,-82.258513100000002,46127
172,5,Azade,29.883896700000001,-82.258513100000002,46127
173,NA,Azade,29.893160800000000,-82.232255300000006,44357
174,NA,Azade,29.893160800000000,-82.232255300000006,44357
175,NA,Azade,29.884008699999999,-82.238502499999996,46014
176,NA,Azade,29.884008699999999,-82.238502499999996,46014
177,6a,Azade,29.953819899999999,-82.222425700000002,44527
178,6a,Azade,29.953819899999999,-82.222425700000002,44527
179,6a,Azade,29.948037800000002,-82.223818699999995,44822
180,6a,Azade,29.948037800000002,-82.223818699999995,44822
181,6a,Azade,29.949542600000001,-82.223604499999993,45376
182,6a,Azade,29.949542600000001,-82.223604499999993,45376
183,6a,Azade,29.947943700000000,-82.221686399999996,43845
184,6a,Azade,29.947943700000000,-82.221686399999996,43845
185,6a,Azade,29.946507400000002,-82.229345100000003,46412
186,6a,Azade,29.946507400000002,-82.229345100000003,46412
187,NA,Azade,30.000569500000001,-82.229682400000002,44387
188,NA,Azade,30.000569500000001,-82.229682400000002,44387
189,3,Azade,29.990539800000001,-82.234263600000006,45705
190,3,Azade,29.990539800000001,-82.234263600000006,45705
191,NA,Azade,29.991281799999999,-82.231669199999999,44974
192,NA,Azade,29.991281799999999,-82.231669199999999,44974
193,3,Azade,29.989970700000001,-82.225862300000003,44611
194,3,Azade,29.989970700000001,-82.225862300000003,44611
195,3,Azade,29.986449100000002,-82.222478300000006,44950
196,3,Azade,29.986449100000002,-82.222478300000006,44950
197,NA,Azade,29.991269599999999,-82.230384099999995,44859
198,NA,Azade,29.991269599999999,-82.230384099999995,44859
199,NA,Azade,30.004671900000002,-82.231495199999998,44538
200,NA,Azade,30.004671900000002,-82.231495199999998,44538
201,15_409,Faith,29.903475800000002,-82.300738199999998,43378
202,15_409,Faith,29.903475800000002,-82.300738199999998,43378
203,15_409,Faith,29.903475800000002,-82.300738199999998,43378
204,15_409,Faith,29.903475800000002,-82.300738199999998,43378
205,15_409,Faith,29.903475800000002,-82.300738199999998,43378
206,15_409,Faith,29.903475800000002,-82.300738199999998,43378
207,15_409,Faith,29.903475800000002,-82.300738199999998,43378
208,15_409,Faith,29.903475800000002,-82.300738199999998,43378
209,15_409,Faith,29.903475800000002,-82.300738199999998,43378
210,15_409,Faith,29.903475800000002,-82.300738199999998,43378
211,15_409,Faith,29.903475800000002,-82.300738199999998,43378
212,15_409,Faith,29.903475800000002,-82.300738199999998,43378
213,15_409,Faith,29.903475800000002,-82.300738199999998,43378
214,15_409,Faith,29.903475800000002,-82.300738199999998,43378
215,15_409,Faith,29.903475800000002,-82.300738199999998,43378
216,15_409,Faith,29.903475800000002,-82.300738199999998,43378
217,15_409,Faith,29.903475800000002,-82.300738199999998,43378
218,15_409,Faith,29.903475800000002,-82.300738199999998,43378
219,15_409,Faith,29.903475800000002,-82.300738199999998,43378
220,15_409,Faith,29.903475800000002,-82.300738199999998,43378
221,15_409,Faith,29.903475800000002,-82.300738199999998,43378
222,15_409,Faith,29.903475800000002,-82.300738199999998,43378
223,15_409,Faith,29.903475800000002,-82.300738199999998,43378
224,15_409,Faith,29.903475800000002,-82.300738199999998,43378
225,15_409,Faith,29.903475800000002,-82.300738199999998,43378
226,15_409,Faith,29.903475800000002,-82.300738199999998,43378
227,15_409,Faith,29.903475800000002,-82.300738199999998,43378
228,15_409,Faith,29.903475800000002,-82.300738199999998,43378
229,15_409,Faith,29.903475800000002,-82.300738199999998,43378
230,15_409,Faith,29.903475800000002,-82.300738199999998,43378
231,15_409,Faith,29.903475800000002,-82.300738199999998,43378
232,15_409,Faith,29.903475800000002,-82.300738199999998,43378
233,15_409,Faith,29.903475800000002,-82.300738199999998,43378
234,15_409,Faith,29.903475800000002,-82.300738199999998,43378
235,15_409,Faith,29.903475800000002,-82.300738199999998,43378
236,15_409,Faith,29.903475800000002,-82.300738199999998,43378
237,15_409,Faith,29.903475800000002,-82.300738199999998,43378
238,15_409,Faith,29.903475800000002,-82.300738199999998,43378
239,15_409,Faith,29.903475800000002,-82.300738199999998,43378
240,15_409,Faith,29.903475800000002,-82.300738199999998,43378
241,15_409,Faith,29.903475800000002,-82.300738199999998,43378
242,15_409,Faith,29.903475800000002,-82.300738199999998,43378
243,15_409,Faith,29.903475800000002,-82.300738199999998,43378
244,15_409,Faith,29.903475800000002,-82.300738199999998,43378
245,15_409,Faith,29.903475800000002,-82.300738199999998,43378
246,15_409,Faith,29.903475800000002,-82.300738199999998,43378
247,15_409,Faith,29.903475800000002,-82.300738199999998,43378
248,15_409,Faith,29.903475800000002,-82.300738199999998,43378
249,15_409,Faith,29.903475800000002,-82.300738199999998,43378
250,15_409,Faith,29.903475800000002,-82.300738199999998,43378
251,15_409,Faith,29.903475800000002,-82.300738199999998,43378
252,15_409,Faith,29.903475800000002,-82.300738199999998,43378
253,15_409,Faith,29.903475800000002,-82.300738199999998,43378
254,15_409,Faith,29.903475800000002,-82.300738199999998,43378
255,15_409,Faith,29.903475800000002,-82.300738199999998,43378
256,15_409,Faith,29.903475800000002,-82.300738199999998,43378
257,15_409,Faith,29.903475800000002,-82.300738199999998,43378
258,15_409,Faith,29.903475800000002,-82.300738199999998,43378
259,15_409,Faith,29.903475800000002,-82.300738199999998,43378
260,6_93,Faith,29.964087200000002,-82.211313300000000,43334
261,6_93,Faith,29.964087200000002,-82.211313300000000,43334
262,6_93,Faith,29.964087200000002,-82.211313300000000,43334
263,6_93,Faith,29.964087200000002,-82.211313300000000,43334
264,6_93,Faith,29.964087200000002,-82.211313300000000,43334
265,6_93,Faith,29.964087200000002,-82.211313300000000,43334
266,6_93,Faith,29.964087200000002,-82.211313300000000,43334
267,6_93,Faith,29.964087200000002,-82.211313300000000,43334
268,6_93,Faith,29.964087200000002,-82.211313300000000,43334
269,6_93,Faith,29.964087200000002,-82.211313300000000,43334
270,6_93,Faith,29.964087200000002,-82.211313300000000,43334
271,6_93,Faith,29.964087200000002,-82.211313300000000,43334
272,6_93,Faith,29.964087200000002,-82.211313300000000,43334
273,6_93,Faith,29.964087200000002,-82.211313300000000,43334
274,6_93,Faith,29.964087200000002,-82.211313300000000,43334
275,6_93,Faith,29.964087200000002,-82.211313300000000,43334
276,6_93,Faith,29.964087200000002,-82.211313300000000,43334
277,6_93,Faith,29.964087200000002,-82.211313300000000,43334
278,6_93,Faith,29.964087200000002,-82.211313300000000,43334
279,6_93,Faith,29.964087200000002,-82.211313300000000,43334
280,6_93,Faith,29.964087200000002,-82.211313300000000,43334
281,6_93,Faith,29.964087200000002,-82.211313300000000,43334
282,6_93,Faith,29.964087200000002,-82.211313300000000,43334
283,6_93,Faith,29.964087200000002,-82.211313300000000,43334
284,6_93,Faith,29.964087200000002,-82.211313300000000,43334
285,6_93,Faith,29.964087200000002,-82.211313300000000,43334
286,6_93,Faith,29.964087200000002,-82.211313300000000,43334
287,6_93,Faith,29.964087200000002,-82.211313300000000,43334
288,6_93,Faith,29.964087200000002,-82.211313300000000,43334
289,6_93,Faith,29.964087200000002,-82.211313300000000,43334
290,6_93,Faith,29.964087200000002,-82.211313300000000,43334
291,6_93,Faith,29.964087200000002,-82.211313300000000,43334
292,6_93,Faith,29.964087200000002,-82.211313300000000,43334
293,6_93,Faith,29.964087200000002,-82.211313300000000,43334
294,6_93,Faith,29.964087200000002,-82.211313300000000,43334
295,6_93,Faith,29.964087200000002,-82.211313300000000,43334
296,6_93,Faith,29.964087200000002,-82.211313300000000,43334
297,6_93,Faith,29.964087200000002,-82.211313300000000,43334
298,6_93,Faith,29.964087200000002,-82.211313300000000,43334
299,6_93,Faith,29.964087200000002,-82.211313300000000,43334
300,6_93,Faith,29.964087200000002,-82.211313300000000,43334
301,6_93,Faith,29.964087200000002,-82.211313300000000,43334
302,6_93,Faith,29.964087200000002,-82.211313300000000,43334
303,6_93,Faith,29.964087200000002,-82.211313300000000,43334
304,6_93,Faith,29.964087200000002,-82.211313300000000,43334
305,6_93,Faith,29.964087200000002,-82.211313300000000,43334
306,6_93,Faith,29.964087200000002,-82.211313300000000,43334
307,6_93,Faith,29.964087200000002,-82.211313300000000,43334
308,6_93,Faith,29.964087200000002,-82.211313300000000,43334
309,6_93,Faith,29.964087200000002,-82.211313300000000,43334
310,6_93,Faith,29.964087200000002,-82.211313300000000,43334
311,6_93,Faith,29.964087200000002,-82.211313300000000,43334
312,6_93,Faith,29.964087200000002,-82.211313300000000,43334
313,6_300,AJ,29.970354900000000,-82.222132299999998,44950
314,6_300,AJ,29.970447000000000,-82.221868999999998,44862
315,6_300,AJ,29.970597000000001,-82.221709000000004,44952
316,6_300,AJ,29.970568000000000,-82.221851000000001,44862
317,6_300,AJ,29.970354900000000,-82.222132299999998,44950
318,6_300,AJ,29.970447000000000,-82.221868999999998,44862
319,6_300,AJ,29.970597000000001,-82.221709000000004,44952
320,6_300,AJ,29.970568000000000,-82.221851000000001,44862
321,6_300,AJ,29.970354900000000,-82.222132299999998,44950
322,6_300,AJ,29.970447000000000,-82.221868999999998,44862
323,6_300,AJ,29.970597000000001,-82.221709000000004,44952
324,6_300,AJ,29.970568000000000,-82.221851000000001,44862
325,6_300,AJ,29.970354900000000,-82.222132299999998,44950
326,6_300,AJ,29.970447000000000,-82.221868999999998,44862
327,6_300,AJ,29.970597000000001,-82.221709000000004,44952
328,6_300,AJ,29.970568000000000,-82.221851000000001,44862
329,6_300,AJ,29.970354900000000,-82.222132299999998,44950
330,6_300,AJ,29.970447000000000,-82.221868999999998,44862
331,6_300,AJ,29.970597000000001,-82.221709000000004,44952
332,6_300,AJ,29.970568000000000,-82.221851000000001,44862
333,6_300,AJ,29.970354900000000,-82.222132299999998,44950
334,6_300,AJ,29.970447000000000,-82.221868999999998,44862
335,6_300,AJ,29.970597000000001,-82.221709000000004,44952
336,6_300,AJ,29.970568000000000,-82.221851000000001,44862
337,6_300,AJ,29.970354900000000,-82.222132299999998,44950
338,6_300,AJ,29.970447000000000,-82.221868999999998,44862
339,6_300,AJ,29.970597000000001,-82.221709000000004,44952
340,6_300,AJ,29.970568000000000,-82.221851000000001,44862
341,6_20,AJ,29.971699999999998,-82.234544999999997,46210
342,6_20,AJ,29.971309999999999,-82.234802000000002,45746
343,6_20,AJ,29.971064999999999,-82.234692999999993,45652
344,6_20,AJ,29.970928000000001,-82.234669999999994,45652
345,6_20,AJ,29.971699999999998,-82.234544999999997,46210
346,6_20,AJ,29.971309999999999,-82.234802000000002,45746
347,6_20,AJ,29.971064999999999,-82.234692999999993,45652
348,6_20,AJ,29.970928000000001,-82.234669999999994,45652
349,6_20,AJ,29.971699999999998,-82.234544999999997,46210
350,6_20,AJ,29.971309999999999,-82.234802000000002,45746
351,6_20,AJ,29.971064999999999,-82.234692999999993,45652
352,6_20,AJ,29.970928000000001,-82.234669999999994,45652
353,6_20,AJ,29.971699999999998,-82.234544999999997,46210
354,6_20,AJ,29.971309999999999,-82.234802000000002,45746
355,6_20,AJ,29.971064999999999,-82.234692999999993,45652
356,6_20,AJ,29.970928000000001,-82.234669999999994,45652
357,6_20,AJ,29.971699999999998,-82.234544999999997,46210
358,6_20,AJ,29.971309999999999,-82.234802000000002,45746
359,6_20,AJ,29.971064999999999,-82.234692999999993,45652
360,6_20,AJ,29.970928000000001,-82.234669999999994,45652
361,6_20,AJ,29.971699999999998,-82.234544999999997,46210
362,6_20,AJ,29.971309999999999,-82.234802000000002,45746
363,6_20,AJ,29.971064999999999,-82.234692999999993,45652
364,6_20,AJ,29.970928000000001,-82.234669999999994,45652
365,6_20,AJ,29.971699999999998,-82.234544999999997,46210
366,6_20,AJ,29.971309999999999,-82.234802000000002,45746
367,6_20,AJ,29.971064999999999,-82.234692999999993,45652
368,6_20,AJ,29.970928000000001,-82.234669999999994,45652
369,14_115,AJ,29.914716542480900,-82.296972470000000,43174
370,14_115,AJ,29.914806049347799,-82.296975160000002,43169
371,14_115,AJ,29.914879282179001,-82.297012710000004,43246
372,14_115,AJ,29.914811861479201,-82.297042210000001,43169
373,14_115,AJ,29.914716542480900,-82.296972470000000,43174
374,14_115,AJ,29.914806049347799,-82.296975160000002,43169
375,14_115,AJ,29.914879282179001,-82.297012710000004,43246
376,14_115,AJ,29.914811861479201,-82.297042210000001,43169
377,14_115,AJ,29.914716542480900,-82.296972470000000,43174
378,14_115,AJ,29.914806049347799,-82.296975160000002,43169
379,14_115,AJ,29.914879282179001,-82.297012710000004,43246
380,14_115,AJ,29.914811861479201,-82.297042210000001,43169
381,14_115,AJ,29.914716542480900,-82.296972470000000,43174
382,14_115,AJ,29.914806049347799,-82.296975160000002,43169
383,14_115,AJ,29.914879282179001,-82.297012710000004,43246
384,14_115,AJ,29.914811861479201,-82.297042210000001,43169
385,14_115,AJ,29.914716542480900,-82.296972470000000,43174
386,14_115,AJ,29.914806049347799,-82.296975160000002,43169
387,14_115,AJ,29.914879282179001,-82.297012710000004,43246
388,14_115,AJ,29.914811861479201,-82.297042210000001,43169
389,14_115,AJ,29.914716542480900,-82.296972470000000,43174
390,14_115,AJ,29.914806049347799,-82.296975160000002,43169
391,14_115,AJ,29.914879282179001,-82.297012710000004,43246
392,14_115,AJ,29.914811861479201,-82.297042210000001,43169
393,14_115,AJ,29.914716542480900,-82.296972470000000,43174
394,14_115,AJ,29.914806049347799,-82.296975160000002,43169
395,14_115,AJ,29.914879282179001,-82.297012710000004,43246
396,14_115,AJ,29.914811861479201,-82.297042210000001,43169
397,14_115,AJ,29.914716542480900,-82.296972470000000,43174
398,14_115,AJ,29.914806049347799,-82.296975160000002,43169
399,14_115,AJ,29.914879282179001,-82.297012710000004,43246
400,14_115,AJ,29.914811861479201,-82.297042210000001,43169
401,14_500,AJ,29.919348461055399,-82.302872840000006,41702
402,14_500,AJ,29.919243978947101,-82.302698640000003,41827
403,14_500,AJ,29.919308489739102,-82.302776460000004,41537
404,14_500,AJ,29.919372870891600,-82.302765550000004,41537
405,14_500,AJ,29.919348461055399,-82.302872840000006,41702
406,14_500,AJ,29.919243978947101,-82.302698640000003,41827
407,14_500,AJ,29.919308489739102,-82.302776460000004,41537
408,14_500,AJ,29.919372870891600,-82.302765550000004,41537
409,14_500,AJ,29.919348461055399,-82.302872840000006,41702
410,14_500,AJ,29.919243978947101,-82.302698640000003,41827
411,14_500,AJ,29.919308489739102,-82.302776460000004,41537
412,14_500,AJ,29.919372870891600,-82.302765550000004,41537
413,14_500,AJ,29.919348461055399,-82.302872840000006,41702
414,14_500,AJ,29.919243978947101,-82.302698640000003,41827
415,14_500,AJ,29.919308489739102,-82.302776460000004,41537
416,14_500,AJ,29.919372870891600,-82.302765550000004,41537
417,14_500,AJ,29.919348461055399,-82.302872840000006,41702
418,14_500,AJ,29.919243978947101,-82.302698640000003,41827
419,14_500,AJ,29.919308489739102,-82.302776460000004,41537
420,14_500,AJ,29.919372870891600,-82.302765550000004,41537
421,14_500,AJ,29.919348461055399,-82.302872840000006,41702
422,14_500,AJ,29.919243978947101,-82.302698640000003,41827
423,14_500,AJ,29.919308489739102,-82.302776460000004,41537
424,14_500,AJ,29.919372870891600,-82.302765550000004,41537
425,14_500,AJ,29.919348461055399,-82.302872840000006,41702
426,14_500,AJ,29.919243978947101,-82.302698640000003,41827
427,14_500,AJ,29.919308489739102,-82.302776460000004,41537
428,14_500,AJ,29.919372870891600,-82.302765550000004,41537
429,14_500,AJ,29.919348461055399,-82.302872840000006,41702
430,14_500,AJ,29.919243978947101,-82.302698640000003,41827
431,14_500,AJ,29.919308489739102,-82.302776460000004,41537
432,14_500,AJ,29.919372870891600,-82.302765550000004,41537
433,14/9_168,AJ,29.922465971123000,-82.248404780000001,44906
434,14/9_168,AJ,29.922644996928302,-82.248587689999994,45063
435,14/9_168,AJ,29.922920469895502,-82.248669500000005,44856
436,14/9_168,AJ,29.922465971123000,-82.248404780000001,44906
437,14/9_168,AJ,29.922644996928302,-82.248587689999994,45063
438,14/9_168,AJ,29.922920469895502,-82.248669500000005,44856
439,14/9_168,AJ,29.922465971123000,-82.248404780000001,44906
440,14/9_168,AJ,29.922644996928302,-82.248587689999994,45063
441,14/9_168,AJ,29.922920469895502,-82.248669500000005,44856
442,14/9_168,AJ,29.922465971123000,-82.248404780000001,44906
443,14/9_168,AJ,29.922644996928302,-82.248587689999994,45063
444,14/9_168,AJ,29.922920469895502,-82.248669500000005,44856
445,14/9_168,AJ,29.922465971123000,-82.248404780000001,44906
446,14/9_168,AJ,29.922644996928302,-82.248587689999994,45063
447,14/9_168,AJ,29.922920469895502,-82.248669500000005,44856
448,14/9_168,AJ,29.922465971123000,-82.248404780000001,44906
449,14/9_168,AJ,29.922644996928302,-82.248587689999994,45063
450,14/9_168,AJ,29.922920469895502,-82.248669500000005,44856
451,14/9_527,AJ,29.939536256725699,-82.245861619999999,46052
452,14/9_527,AJ,29.939046694725398,-82.245692680000005,44741
453,14/9_527,AJ,29.938965047163400,-82.245624550000002,44663
454,14/9_527,AJ,29.938931442965000,-82.245558169999995,44642
455,14/9_527,AJ,29.939536256725699,-82.245861619999999,46052
456,14/9_527,AJ,29.939046694725398,-82.245692680000005,44741
457,14/9_527,AJ,29.938965047163400,-82.245624550000002,44663
458,14/9_527,AJ,29.938931442965000,-82.245558169999995,44642
459,14/9_527,AJ,29.939536256725699,-82.245861619999999,46052
460,14/9_527,AJ,29.939046694725398,-82.245692680000005,44741
461,14/9_527,AJ,29.938965047163400,-82.245624550000002,44663
462,14/9_527,AJ,29.938931442965000,-82.245558169999995,44642
463,14/9_527,AJ,29.939536256725699,-82.245861619999999,46052
464,14/9_527,AJ,29.939046694725398,-82.245692680000005,44741
465,14/9_527,AJ,29.938965047163400,-82.245624550000002,44663
466,14/9_527,AJ,29.938931442965000,-82.245558169999995,44642
467,14/9_527,AJ,29.939536256725699,-82.245861619999999,46052
468,14/9_527,AJ,29.939046694725398,-82.245692680000005,44741
469,14/9_527,AJ,29.938965047163400,-82.245624550000002,44663
470,14/9_527,AJ,29.938931442965000,-82.245558169999995,44642
471,14/9_601,AJ,29.909213787088898,-82.272170310000007,45302
472,14/9_601,AJ,29.909199837188801,-82.271582899999999,45173
473,14/9_601,AJ,29.909906629669099,-82.272132760000005,44817
474,14/9_601,AJ,29.909976378655099,-82.272194450000001,44662
475,14/9_601,AJ,29.909213787088898,-82.272170310000007,45302
476,14/9_601,AJ,29.909199837188801,-82.271582899999999,45173
477,14/9_601,AJ,29.909906629669099,-82.272132760000005,44817
478,14/9_601,AJ,29.909976378655099,-82.272194450000001,44662
479,14/9_601,AJ,29.909213787088898,-82.272170310000007,45302
480,14/9_601,AJ,29.909199837188801,-82.271582899999999,45173
481,14/9_601,AJ,29.909906629669099,-82.272132760000005,44817
482,14/9_601,AJ,29.909976378655099,-82.272194450000001,44662
483,14/9_601,AJ,29.909213787088898,-82.272170310000007,45302
484,14/9_601,AJ,29.909199837188801,-82.271582899999999,45173
485,14/9_601,AJ,29.909906629669099,-82.272132760000005,44817
486,14/9_601,AJ,29.909976378655099,-82.272194450000001,44662
487,14/9_601,AJ,29.909213787088898,-82.272170310000007,45302
488,14/9_601,AJ,29.909199837188801,-82.271582899999999,45173
489,14/9_601,AJ,29.909906629669099,-82.272132760000005,44817
490,14/9_601,AJ,29.909976378655099,-82.272194450000001,44662
491,15_4,AJ,29.898933000000000,-82.292989000000006,45809
492,15_4,AJ,29.899094999999999,-82.292934000000002,45809
493,15_4,AJ,29.899232900000001,-82.292908199999999,45809
494,15_4,AJ,29.899387000000001,-82.292913999999996,45809
495,15_4,AJ,29.898933000000000,-82.292989000000006,45809
496,15_4,AJ,29.899094999999999,-82.292934000000002,45809
497,15_4,AJ,29.899232900000001,-82.292908199999999,45809
498,15_4,AJ,29.899387000000001,-82.292913999999996,45809
499,15_4,AJ,29.898933000000000,-82.292989000000006,45809
500,15_4,AJ,29.899094999999999,-82.292934000000002,45809
501,15_4,AJ,29.899232900000001,-82.292908199999999,45809
502,15_4,AJ,29.899387000000001,-82.292913999999996,45809
503,15_4,AJ,29.898933000000000,-82.292989000000006,45809
504,15_4,AJ,29.899094999999999,-82.292934000000002,45809
505,15_4,AJ,29.899232900000001,-82.292908199999999,45809
506,15_4,AJ,29.899387000000001,-82.292913999999996,45809
507,15_4,AJ,29.898933000000000,-82.292989000000006,45809
508,15_4,AJ,29.899094999999999,-82.292934000000002,45809
509,15_4,AJ,29.899232900000001,-82.292908199999999,45809
510,15_4,AJ,29.899387000000001,-82.292913999999996,45809
511,15_4,AJ,29.898933000000000,-82.292989000000006,45809
512,15_4,AJ,29.899094999999999,-82.292934000000002,45809
513,15_4,AJ,29.899232900000001,-82.292908199999999,45809
514,15_4,AJ,29.899387000000001,-82.292913999999996,45809
515,15_4,AJ,29.898933000000000,-82.292989000000006,45809
516,15_4,AJ,29.899094999999999,-82.292934000000002,45809
517,15_4,AJ,29.899232900000001,-82.292908199999999,45809
518,15_4,AJ,29.899387000000001,-82.292913999999996,45809
519,15_4,AJ,29.898933000000000,-82.292989000000006,45809
520,15_4,AJ,29.899094999999999,-82.292934000000002,45809
521,15_4,AJ,29.899232900000001,-82.292908199999999,45809
522,15_4,AJ,29.899387000000001,-82.292913999999996,45809
523,15_409,AJ,29.903236000000000,-82.300822999999994,43565
524,15_409,AJ,29.903330000000000,-82.300812600000000,43410
525,15_409,AJ,29.903368900000000,-82.300775299999998,43378
526,15_409,AJ,29.903455999999998,-82.300743999999995,43378
527,15_409,AJ,29.903236000000000,-82.300822999999994,43565
528,15_409,AJ,29.903330000000000,-82.300812600000000,43410
529,15_409,AJ,29.903368900000000,-82.300775299999998,43378
530,15_409,AJ,29.903455999999998,-82.300743999999995,43378
531,15_409,AJ,29.903236000000000,-82.300822999999994,43565
532,15_409,AJ,29.903330000000000,-82.300812600000000,43410
533,15_409,AJ,29.903368900000000,-82.300775299999998,43378
534,15_409,AJ,29.903455999999998,-82.300743999999995,43378
535,15_409,AJ,29.903236000000000,-82.300822999999994,43565
536,15_409,AJ,29.903330000000000,-82.300812600000000,43410
537,15_409,AJ,29.903368900000000,-82.300775299999998,43378
538,15_409,AJ,29.903455999999998,-82.300743999999995,43378
539,15_409,AJ,29.903236000000000,-82.300822999999994,43565
540,15_409,AJ,29.903330000000000,-82.300812600000000,43410
541,15_409,AJ,29.903368900000000,-82.300775299999998,43378
542,15_409,AJ,29.903455999999998,-82.300743999999995,43378
543,15_409,AJ,29.903236000000000,-82.300822999999994,43565
544,15_409,AJ,29.903330000000000,-82.300812600000000,43410
545,15_409,AJ,29.903368900000000,-82.300775299999998,43378
546,15_409,AJ,29.903455999999998,-82.300743999999995,43378
547,15_409,AJ,29.903236000000000,-82.300822999999994,43565
548,15_409,AJ,29.903330000000000,-82.300812600000000,43410
549,15_409,AJ,29.903368900000000,-82.300775299999998,43378
550,15_409,AJ,29.903455999999998,-82.300743999999995,43378
551,15_409,AJ,29.903236000000000,-82.300822999999994,43565
552,15_409,AJ,29.903330000000000,-82.300812600000000,43410
553,15_409,AJ,29.903368900000000,-82.300775299999998,43378
554,15_409,AJ,29.903455999999998,-82.300743999999995,43378
555,15_268,AJ,29.897845435673599,-82.316718292651203,40914
556,15_268,AJ,29.897582700000001,-82.316950700000007,40659
557,15_268,AJ,29.897510000000000,-82.316986000000000,40682
558,15_268,AJ,29.897845435673599,-82.316718292651203,40914
559,15_268,AJ,29.897582700000001,-82.316950700000007,40659
560,15_268,AJ,29.897510000000000,-82.316986000000000,40682
561,15_268,AJ,29.897845435673599,-82.316718292651203,40914
562,15_268,AJ,29.897582700000001,-82.316950700000007,40659
563,15_268,AJ,29.897510000000000,-82.316986000000000,40682
564,15_268,AJ,29.897845435673599,-82.316718292651203,40914
565,15_268,AJ,29.897582700000001,-82.316950700000007,40659
566,15_268,AJ,29.897510000000000,-82.316986000000000,40682
567,15_268,AJ,29.897845435673599,-82.316718292651203,40914
568,15_268,AJ,29.897582700000001,-82.316950700000007,40659
569,15_268,AJ,29.897510000000000,-82.316986000000000,40682
570,15_268,AJ,29.897845435673599,-82.316718292651203,40914
571,15_268,AJ,29.897582700000001,-82.316950700000007,40659
572,15_268,AJ,29.897510000000000,-82.316986000000000,40682
573,15_268,AJ,29.897845435673599,-82.316718292651203,40914
574,15_268,AJ,29.897582700000001,-82.316950700000007,40659
575,15_268,AJ,29.897510000000000,-82.316986000000000,40682
576,15_268,AJ,29.897845435673599,-82.316718292651203,40914
577,15_268,AJ,29.897582700000001,-82.316950700000007,40659
578,15_268,AJ,29.897510000000000,-82.316986000000000,40682
579,13_410,AJ,29.888864000000002,-82.181240000000003,44289
580,13_410,AJ,29.888756999999998,-82.181117000000000,44183
581,13_410,AJ,29.888863799999999,-82.181240399999993,44280
582,13_410,AJ,29.888477999999999,-82.180997000000005,44110
583,13_410,AJ,29.888864000000002,-82.181240000000003,44289
584,13_410,AJ,29.888756999999998,-82.181117000000000,44183
585,13_410,AJ,29.888863799999999,-82.181240399999993,44280
586,13_410,AJ,29.888477999999999,-82.180997000000005,44110
587,13_410,AJ,29.888864000000002,-82.181240000000003,44289
588,13_410,AJ,29.888756999999998,-82.181117000000000,44183
589,13_410,AJ,29.888863799999999,-82.181240399999993,44280
590,13_410,AJ,29.888477999999999,-82.180997000000005,44110
591,13_410,AJ,29.888864000000002,-82.181240000000003,44289
592,13_410,AJ,29.888756999999998,-82.181117000000000,44183
593,13_410,AJ,29.888863799999999,-82.181240399999993,44280
594,13_410,AJ,29.888477999999999,-82.180997000000005,44110
595,13_410,AJ,29.888864000000002,-82.181240000000003,44289
596,13_410,AJ,29.888756999999998,-82.181117000000000,44183
597,13_410,AJ,29.888863799999999,-82.181240399999993,44280
598,13_410,AJ,29.888477999999999,-82.180997000000005,44110
599,13_410,AJ,29.888864000000002,-82.181240000000003,44289
600,13_410,AJ,29.888756999999998,-82.181117000000000,44183
601,13_410,AJ,29.888863799999999,-82.181240399999993,44280
602,13_410,AJ,29.888477999999999,-82.180997000000005,44110
603,13_410,AJ,29.888864000000002,-82.181240000000003,44289
604,13_410,AJ,29.888756999999998,-82.181117000000000,44183
605,13_410,AJ,29.888863799999999,-82.181240399999993,44280
606,13_410,AJ,29.888477999999999,-82.180997000000005,44110
607,13_410,AJ,29.888864000000002,-82.181240000000003,44289
608,13_410,AJ,29.888756999999998,-82.181117000000000,44183
609,13_410,AJ,29.888863799999999,-82.181240399999993,44280
610,13_410,AJ,29.888477999999999,-82.180997000000005,44110
611,13_274,AJ,29.892205000000001,-82.184465000000003,44839
612,13_274,AJ,29.892067000000001,-82.184370999999999,44782
613,13_274,AJ,29.891779000000000,-82.184157999999996,44782
614,13_274,AJ,29.891513000000000,-82.184111000000001,44782
615,13_274,AJ,29.892205000000001,-82.184465000000003,44839
616,13_274,AJ,29.892067000000001,-82.184370999999999,44782
617,13_274,AJ,29.891779000000000,-82.184157999999996,44782
618,13_274,AJ,29.891513000000000,-82.184111000000001,44782
619,13_274,AJ,29.892205000000001,-82.184465000000003,44839
620,13_274,AJ,29.892067000000001,-82.184370999999999,44782
621,13_274,AJ,29.891779000000000,-82.184157999999996,44782
622,13_274,AJ,29.891513000000000,-82.184111000000001,44782
623,13_274,AJ,29.892205000000001,-82.184465000000003,44839
624,13_274,AJ,29.892067000000001,-82.184370999999999,44782
625,13_274,AJ,29.891779000000000,-82.184157999999996,44782
626,13_274,AJ,29.891513000000000,-82.184111000000001,44782
627,13_274,AJ,29.892205000000001,-82.184465000000003,44839
628,13_274,AJ,29.892067000000001,-82.184370999999999,44782
629,13_274,AJ,29.891779000000000,-82.184157999999996,44782
630,13_274,AJ,29.891513000000000,-82.184111000000001,44782
631,13_274,AJ,29.892205000000001,-82.184465000000003,44839
632,13_274,AJ,29.892067000000001,-82.184370999999999,44782
633,13_274,AJ,29.891779000000000,-82.184157999999996,44782
634,13_274,AJ,29.891513000000000,-82.184111000000001,44782
635,13_274,AJ,29.892205000000001,-82.184465000000003,44839
636,13_274,AJ,29.892067000000001,-82.184370999999999,44782
637,13_274,AJ,29.891779000000000,-82.184157999999996,44782
638,13_274,AJ,29.891513000000000,-82.184111000000001,44782
639,9_332,AJ,29.932660628808900,-82.236288065358806,45592
640,9_332,AJ,29.931898328130799,-82.236463991215203,45187
641,9_332,AJ,29.931695046963700,-82.236657960749199,44955
642,9_332,AJ,29.931589496963198,-82.236851930283095,44837
643,9_332,AJ,29.932660628808900,-82.236288065358806,45592
644,9_332,AJ,29.931898328130799,-82.236463991215203,45187
645,9_332,AJ,29.931695046963700,-82.236657960749199,44955
646,9_332,AJ,29.931589496963198,-82.236851930283095,44837
647,9_332,AJ,29.932660628808900,-82.236288065358806,45592
648,9_332,AJ,29.931898328130799,-82.236463991215203,45187
649,9_332,AJ,29.931695046963700,-82.236657960749199,44955
650,9_332,AJ,29.931589496963198,-82.236851930283095,44837
651,9_332,AJ,29.932660628808900,-82.236288065358806,45592
652,9_332,AJ,29.931898328130799,-82.236463991215203,45187
653,9_332,AJ,29.931695046963700,-82.236657960749199,44955
654,9_332,AJ,29.931589496963198,-82.236851930283095,44837
655,9_332,AJ,29.932660628808900,-82.236288065358806,45592
656,9_332,AJ,29.931898328130799,-82.236463991215203,45187
657,9_332,AJ,29.931695046963700,-82.236657960749199,44955
658,9_332,AJ,29.931589496963198,-82.236851930283095,44837
659,9_332,AJ,29.932660628808900,-82.236288065358806,45592
660,9_332,AJ,29.931898328130799,-82.236463991215203,45187
661,9_332,AJ,29.931695046963700,-82.236657960749199,44955
662,9_332,AJ,29.931589496963198,-82.236851930283095,44837
663,9_332,AJ,29.932660628808900,-82.236288065358806,45592
664,9_332,AJ,29.931898328130799,-82.236463991215203,45187
665,9_332,AJ,29.931695046963700,-82.236657960749199,44955
666,9_332,AJ,29.931589496963198,-82.236851930283095,44837
667,3_34,AJ,29.988922649783099,-82.202508234994298,44374
668,3_34,AJ,29.988844825221200,-82.202607476717006,44179
669,3_34,AJ,29.988704276231100,-82.202406311043305,44079
670,3_34,AJ,29.988748996385901,-82.202297681590096,44091
671,3_34,AJ,29.988922649783099,-82.202508234994298,44374
672,3_34,AJ,29.988844825221200,-82.202607476717006,44179
673,3_34,AJ,29.988704276231100,-82.202406311043305,44079
674,3_34,AJ,29.988748996385901,-82.202297681590096,44091
675,3_34,AJ,29.988922649783099,-82.202508234994298,44374
676,3_34,AJ,29.988844825221200,-82.202607476717006,44179
677,3_34,AJ,29.988704276231100,-82.202406311043305,44079
678,3_34,AJ,29.988748996385901,-82.202297681590096,44091
679,3_34,AJ,29.988922649783099,-82.202508234994298,44374
680,3_34,AJ,29.988844825221200,-82.202607476717006,44179
681,3_34,AJ,29.988704276231100,-82.202406311043305,44079
682,3_34,AJ,29.988748996385901,-82.202297681590096,44091
683,3_34,AJ,29.988922649783099,-82.202508234994298,44374
684,3_34,AJ,29.988844825221200,-82.202607476717006,44179
685,3_34,AJ,29.988704276231100,-82.202406311043305,44079
686,3_34,AJ,29.988748996385901,-82.202297681590096,44091
687,3_34,AJ,29.988922649783099,-82.202508234994298,44374
688,3_34,AJ,29.988844825221200,-82.202607476717006,44179
689,3_34,AJ,29.988704276231100,-82.202406311043305,44079
690,3_34,AJ,29.988748996385901,-82.202297681590096,44091
691,3_34,AJ,29.988922649783099,-82.202508234994298,44374
692,3_34,AJ,29.988844825221200,-82.202607476717006,44179
693,3_34,AJ,29.988704276231100,-82.202406311043305,44079
694,3_34,AJ,29.988748996385901,-82.202297681590096,44091
695,3_34,AJ,29.988922649783099,-82.202508234994298,44374
696,3_34,AJ,29.988844825221200,-82.202607476717006,44179
697,3_34,AJ,29.988704276231100,-82.202406311043305,44079
698,3_34,AJ,29.988748996385901,-82.202297681590096,44091
699,3_311,AJ,29.981084655210701,-82.223896943810004,44964
700,3_311,AJ,29.981255417887201,-82.223856040127103,44555
701,3_311,AJ,29.981293171500500,-82.223790326013400,44586
702,3_311,AJ,29.981451736519901,-82.223707848095302,44555
703,3_311,AJ,29.981084655210701,-82.223896943810004,44964
704,3_311,AJ,29.981255417887201,-82.223856040127103,44555
705,3_311,AJ,29.981293171500500,-82.223790326013400,44586
706,3_311,AJ,29.981451736519901,-82.223707848095302,44555
707,3_311,AJ,29.981084655210701,-82.223896943810004,44964
708,3_311,AJ,29.981255417887201,-82.223856040127103,44555
709,3_311,AJ,29.981293171500500,-82.223790326013400,44586
710,3_311,AJ,29.981451736519901,-82.223707848095302,44555
711,3_311,AJ,29.981084655210701,-82.223896943810004,44964
712,3_311,AJ,29.981255417887201,-82.223856040127103,44555
713,3_311,AJ,29.981293171500500,-82.223790326013400,44586
714,3_311,AJ,29.981451736519901,-82.223707848095302,44555
715,3_311,AJ,29.981084655210701,-82.223896943810004,44964
716,3_311,AJ,29.981255417887201,-82.223856040127103,44555
717,3_311,AJ,29.981293171500500,-82.223790326013400,44586
718,3_311,AJ,29.981451736519901,-82.223707848095302,44555
719,3_311,AJ,29.981084655210701,-82.223896943810004,44964
720,3_311,AJ,29.981255417887201,-82.223856040127103,44555
721,3_311,AJ,29.981293171500500,-82.223790326013400,44586
722,3_311,AJ,29.981451736519901,-82.223707848095302,44555
723,3_311,AJ,29.981084655210701,-82.223896943810004,44964
724,3_311,AJ,29.981255417887201,-82.223856040127103,44555
725,3_311,AJ,29.981293171500500,-82.223790326013400,44586
726,3_311,AJ,29.981451736519901,-82.223707848095302,44555
727,3_311,AJ,29.981084655210701,-82.223896943810004,44964
728,3_311,AJ,29.981255417887201,-82.223856040127103,44555
729,3_311,AJ,29.981293171500500,-82.223790326013400,44586
730,3_311,AJ,29.981451736519901,-82.223707848095302,44555
731,9_609,AJ,29.925638597070900,-82.241171047862906,45361
732,9_609,AJ,29.925725769521300,-82.241121427001602,45335
733,9_609,AJ,29.925793763979701,-82.241053701231394,45167
734,9_609,AJ,29.925843161633999,-82.240993351535195,45167
735,9_609,AJ,29.925638597070900,-82.241171047862906,45361
736,9_609,AJ,29.925725769521300,-82.241121427001602,45335
737,9_609,AJ,29.925793763979701,-82.241053701231394,45167
738,9_609,AJ,29.925843161633999,-82.240993351535195,45167
739,9_609,AJ,29.925638597070900,-82.241171047862906,45361
740,9_609,AJ,29.925725769521300,-82.241121427001602,45335
741,9_609,AJ,29.925793763979701,-82.241053701231394,45167
742,9_609,AJ,29.925843161633999,-82.240993351535195,45167
743,9_609,AJ,29.925638597070900,-82.241171047862906,45361
744,9_609,AJ,29.925725769521300,-82.241121427001602,45335
745,9_609,AJ,29.925793763979701,-82.241053701231394,45167
746,9_609,AJ,29.925843161633999,-82.240993351535195,45167
747,9_609,AJ,29.925638597070900,-82.241171047862906,45361
748,9_609,AJ,29.925725769521300,-82.241121427001602,45335
749,9_609,AJ,29.925793763979701,-82.241053701231394,45167
750,9_609,AJ,29.925843161633999,-82.240993351535195,45167
751,9_609,AJ,29.925638597070900,-82.241171047862906,45361
752,9_609,AJ,29.925725769521300,-82.241121427001602,45335
753,9_609,AJ,29.925793763979701,-82.241053701231394,45167
754,9_609,AJ,29.925843161633999,-82.240993351535195,45167
755,9_609,AJ,29.925638597070900,-82.241171047862906,45361
756,9_609,AJ,29.925725769521300,-82.241121427001602,45335
757,9_609,AJ,29.925793763979701,-82.241053701231394,45167
758,9_609,AJ,29.925843161633999,-82.240993351535195,45167
759,9_609,AJ,29.925638597070900,-82.241171047862906,45361
760,9_609,AJ,29.925725769521300,-82.241121427001602,45335
761,9_609,AJ,29.925793763979701,-82.241053701231394,45167
762,9_609,AJ,29.925843161633999,-82.240993351535195,45167
