Site_ID,Lat,Long,Increment,Upper,Lower,LOI.SOM,Type,person
5a,29.8916929,-82.268148,0_20,0,20,3.399999999999999,Upland,Azade
5a,29.8916929,-82.268148,20_40,20,40,1.7999999999999972,Upland,Azade
5a,29.891165,-82.2685506,0_20,0,20,1.6000000000000014,Upland,Azade
5a,29.891165,-82.2685506,20_40,20,40,0.5999999999999872,Upland,Azade
5a,29.8946299,-82.2683096,0_20,0,20,3.79999999999999,Upland,Azade
5a,29.8946299,-82.2683096,20_40,20,40,2.599999999999998,Upland,Azade
5,29.87543,-82.27823,0_20,0,20,3.399999999999999,Upland,Azade
5,29.87543,-82.27823,20_40,20,40,1.6000000000000014,Upland,Azade
5,29.87477,-82.2795,0_20,0,20,24.2,GIW,Azade
5,29.87477,-82.2795,20_40,20,40,2.8000000000000114,GIW,Azade
5,29.87659,-82.27947,0_20,0,20,22.400000000000002,Upland,Azade
5,29.87659,-82.27947,20_40,20,40,22.19999999999999,Upland,Azade
5,29.876044,-82.279617,0_20,0,20,5,Upland,Azade
5,29.876044,-82.279617,20_40,20,40,2.7999999999999936,Upland,Azade
5,29.87103,-82.281802,0_20,0,20,6.20000000000001,Upland,Azade
5,29.87103,-82.281802,20_40,20,40,6.199999999999992,Upland,Azade
5,29.872931,-82.278271,0_20,0,20,7.8,RW,Azade
5,29.872931,-82.278271,20_40,20,40,1.2,RW,Azade
5a,29.886551,-82.267277000000007,0_20,0,20,1.8,Upland,Azade
5a,29.886551,-82.267277000000007,20_40,20,40,0.4,Upland,Azade
5a,29.886936,-82.26582,0_20,0,20,2.4,Upland,Azade
5a,29.886936,-82.26582,20_40,20,40,1.2,Upland,Azade
5a,29.889472,-82.265641,0_20,0,20,3,Upland,Azade
5a,29.889472,-82.265641,20_40,20,40,0.6,Upland,Azade
5a,29.885836,-82.266913,0_20,0,20,1.6,Upland,Azade
5a,29.885836,-82.266913,20_40,20,40,0.6,Upland,Azade
6a,29.9581235,-82.2299751,0_20,0,20,2.2,Upland,Azade
6a,29.9581235,-82.2299751,20_40,20,40,0.8,Upland,Azade
6a,29.9596537,-82.2303613,0_20,0,20,2.6,Upland,Azade
6a,29.9596537,-82.2303613,20_40,20,40,0.6,Upland,Azade
6a,29.9587361,-82.2293213,0_20,0,20,18.1,GIW,Azade
6a,29.9587361,-82.2293213,20_40,20,40,1,GIW,Azade
9,29.9124376,-82.2438599,0_20,0,20,80.00000000000001,GIW,Azade
9,29.9124376,-82.2438599,20_40,20,40,62.66666666666666,GIW,Azade
9,29.9142165,-82.2322503,0_20,0,20,4.199999999999999,Upland,Azade
9,29.9142165,-82.2322503,20_40,20,40,23.800000000000008,Upland,Azade
9,29.9114603,-82.2406091,0_20,0,20,4.0000000000000036,Upland,Azade
9,29.9114603,-82.2406091,20_40,20,40,1.20000000000001,Upland,Azade
14,29.9196623,-82.2731747,0_20,0,20,5,Upland,Azade
14,29.9196623,-82.2731747,20_40,20,40,2.2000000000000064,Upland,Azade
14,29.9243404,-82.2766683,0_20,0,20,1.6000000000000014,Upland,Azade
14,29.9243404,-82.2766683,20_40,20,40,0.600000000000005,Upland,Azade
14,29.923247,-82.2766881,0_20,0,20,3.200000000000003,Upland,Azade
14,29.923247,-82.2766881,20_40,20,40,0.9999999999999963,Upland,Azade
14,29.9289835,-82.273331,0_20,0,20,23.00000000000001,GIW,Azade
14,29.9289835,-82.273331,20_40,20,40,8.333333333333332,GIW,Azade
3,29.9997507,-82.2127033,0_20,0,20,5.800000000000001,Upland,Azade
3,29.9997507,-82.2127033,20_40,20,40,0.4000000000000092,Upland,Azade
3,29.9905634,-82.2079877,0_20,0,20,5.800000000000001,Upland,Azade
3,29.9905634,-82.2079877,20_40,20,40,1.4000000000000057,Upland,Azade
7,29.9752374,-82.2276248,0_20,0,20,3.000000000000007,Upland,Azade
7,29.9752374,-82.2276248,20_40,20,40,1.0000000000000142,Upland,Azade
7,29.9765597,-82.2285334,0_20,0,20,32.199999999999996,GIW,Azade
7,29.9765597,-82.2285334,20_40,20,40,8.599999999999994,GIW,Azade
7,29.975919,-82.2269443,0_20,0,20,5.800000000000001,Upland,Azade
7,29.975919,-82.2269443,20_40,20,40,1.0000000000000142,Upland,Azade
7,29.9734023,-82.2285186,0_20,0,20,9.000000000000004,Upland,Azade
7,29.9734023,-82.2285186,20_40,20,40,1.4000000000000057,Upland,Azade
7,29.9680949,-82.2308612,0_20,0,20,3.8000000000000074,Upland,Azade
7,29.9680949,-82.2308612,20_40,20,40,1.4000000000000057,Upland,Azade
14,29.9092054,-82.2763444,0_20,0,20,8.800000000000008,Upland,Azade
14,29.9092054,-82.2763444,20_40,20,40,0.19999999999999576,Upland,Azade
14,29.9113853,-82.2800117,0_20,0,20,3.8000000000000074,Upland,Azade
14,29.9113853,-82.2800117,20_40,20,40,1.4000000000000057,Upland,Azade
14,29.9080711,-82.2891849,0_20,0,20,3.5999999999999943,Upland,Azade
14,29.9080711,-82.2891849,20_40,20,40,0.4000000000000092,Upland,Azade
14,29.91025,-82.2904,0_20,0,20,1.7999999999999972,Upland,Azade
14,29.91025,-82.2904,20_40,20,40,0.2000000000000135,Upland,Azade
14,29.9063671,-82.298755,0_20,0,20,4.0000000000000036,Upland,Azade
14,29.9063671,-82.298755,20_40,20,40,2.400000000000002,Upland,Azade
14,29.9110313,-82.2756042,0_20,0,20,4.199999999999999,Upland,Azade
14,29.9110313,-82.2756042,20_40,20,40,0.39999999999999153,Upland,Azade
NA,29.9092054,-82.2763444,0_20,0,20,1.6000000000000014,Upland,Azade
NA,29.9092054,-82.2763444,20_40,20,40,0.600000000000005,Upland,Azade
NA,29.8856034,-82.1669469,0_20,0,20,6.000000000000014,Upland,Azade
NA,29.8856034,-82.1669469,20_40,20,40,2.2000000000000064,Upland,Azade
NA,29.8855331,-82.1685243,0_20,0,20,2.8000000000000114,Upland,Azade
NA,29.8855331,-82.1685243,20_40,20,40,0.8000000000000007,Upland,Azade
NA,29.8798196,-82.165133,0_20,0,20,5.599999999999987,Upland,Azade
NA,29.8798196,-82.165133,20_40,20,40,3.200000000000003,Upland,Azade
NA,29.8795746,-82.1543103,0_20,0,20,3.8000000000000074,Upland,Azade
NA,29.8795746,-82.1543103,20_40,20,40,0.8000000000000007,Upland,Azade
NA,29.8794374,-82.1536656,0_20,0,20,NA,GIW,Azade
NA,29.8794374,-82.1536656,20_40,20,40,NA,GIW,Azade
NA,29.8817444,-82.1645024,0_20,0,20,2.6000000000000156,Upland,Azade
NA,29.8817444,-82.1645024,20_40,20,40,2.0000000000000107,Upland,Azade
15,29.8954207,-82.2928524,0_20,0,20,2.599999999999998,Upland,Azade
15,29.8954207,-82.2928524,20_40,20,40,0.8000000000000007,Upland,Azade
15,29.8935401,-82.2909531,0_20,0,20,2.599999999999998,Upland,Azade
15,29.8935401,-82.2909531,20_40,20,40,0.9999999999999963,Upland,Azade
15,29.8930044,-82.2939488,0_20,0,20,3.000000000000007,Upland,Azade
15,29.8930044,-82.2939488,20_40,20,40,2.2000000000000064,Upland,Azade
15,29.8939968,-82.294273,0_20,0,20,3.000000000000007,Upland,Azade
15,29.8939968,-82.294273,20_40,20,40,1.7999999999999972,Upland,Azade
15,29.8938573,-82.2974685,0_20,0,20,3.399999999999999,Upland,Azade
15,29.8938573,-82.2974685,20_40,20,40,0.600000000000005,Upland,Azade
15,29.896793,-82.2976851,0_20,0,20,1.399999999999988,Upland,Azade
15,29.896793,-82.2976851,20_40,20,40,0.9999999999999963,Upland,Azade
15,29.8957893,-82.3084736,0_20,0,20,3.5999999999999943,Upland,Azade
15,29.8957893,-82.3084736,20_40,20,40,2.2000000000000064,Upland,Azade
15,29.8940825,-82.2844863,0_20,0,20,2.8000000000000114,Upland,Azade
15,29.8940825,-82.2844863,20_40,20,40,1.20000000000001,Upland,Azade
13,29.8796853,-82.2041015,0_20,0,20,2.0000000000000107,Upland,Azade
13,29.8796853,-82.2041015,20_40,20,40,0.9999999999999963,Upland,Azade
13,29.8822866,-82.2031895,0_20,0,20,2.599999999999998,Upland,Azade
13,29.8822866,-82.2031895,20_40,20,40,1.20000000000001,Upland,Azade
13,29.8814342,-82.1909986,0_20,0,20,3.5999999999999943,Upland,Azade
13,29.8814342,-82.1909986,20_40,20,40,1.7999999999999972,Upland,Azade
13,29.8781204,-82.1897034,0_20,0,20,3.5999999999999943,Upland,Azade
13,29.8781204,-82.1897034,20_40,20,40,1.4000000000000057,Upland,Azade
13,29.893655,-82.1943225,0_20,0,20,7.599999999999999,Upland,Azade
13,29.893655,-82.1943225,20_40,20,40,0.600000000000005,Upland,Azade
13,29.8910686,-82.1917151,0_20,0,20,4.0000000000000036,Upland,Azade
13,29.8910686,-82.1917151,20_40,20,40,1.20000000000001,Upland,Azade
13,29.8946269,-82.1838532,0_20,0,20,3.000000000000007,Upland,Azade
13,29.8946269,-82.1838532,20_40,20,40,0.5999999999999872,Upland,Azade
14,29.9396949,-82.2477484,0_20,0,20,0.4000000000000092,Upland,Azade
14,29.9396949,-82.2477484,20_40,20,40,1.4000000000000057,Upland,Azade
14,29.9462387,-82.2454457,0_20,0,20,4.800000000000004,Upland,Azade
14,29.9462387,-82.2454457,20_40,20,40,0.8000000000000007,Upland,Azade
14,29.9456669,-82.2503361,0_20,0,20,1.9999999999999927,Upland,Azade
14,29.9456669,-82.2503361,20_40,20,40,0.39999999999999153,Upland,Azade
14,29.9464141,-82.2645672,0_20,0,20,1.6000000000000014,Upland,Azade
14,29.9464141,-82.2645672,20_40,20,40,0.8000000000000007,Upland,Azade
14,29.9298415,-82.2264664,0_20,0,20,3.200000000000003,Upland,Azade
14,29.9298415,-82.2264664,20_40,20,40,0.39999999999999153,Upland,Azade
14,29.9334549,-82.2278766,0_20,0,20,1.6000000000000014,Upland,Azade
14,29.9334549,-82.2278766,20_40,20,40,0.600000000000005,Upland,Azade
14,29.9387355,-82.2471647,0_20,0,20,0.600000000000005,Upland,Azade
14,29.9387355,-82.2471647,20_40,20,40,0.600000000000005,Upland,Azade
3,29.9722529,-82.1842951,0_20,0,20,NA,Upland,Azade
3,29.9722529,-82.1842951,20_40,20,40,NA,Upland,Azade
3,29.9792821,-82.1885417,0_20,0,20,1.7999999999999972,Upland,Azade
3,29.9792821,-82.1885417,20_40,20,40,0.600000000000005,Upland,Azade
3,29.980145,-82.1953676,0_20,0,20,3.8000000000000074,Upland,Azade
3,29.980145,-82.1953676,20_40,20,40,0.4000000000000092,Upland,Azade
3,29.9739162,-82.1953082,0_20,0,20,1.9999999999999927,Upland,Azade
3,29.9739162,-82.1953082,20_40,20,40,0.39999999999999153,Upland,Azade
3,30.0060443,-82.2170435,0_20,0,20,1.6000000000000014,Upland,Azade
3,30.0060443,-82.2170435,20_40,20,40,0.600000000000005,Upland,Azade
3,30.0069743,-82.2170884,0_20,0,20,1.6000000000000014,Upland,Azade
3,30.0069743,-82.2170884,20_40,20,40,0.8000000000000007,Upland,Azade
3,30.009011,-82.2176101,0_20,0,20,1.4000000000000057,Upland,Azade
3,30.009011,-82.2176101,20_40,20,40,1.0000000000000142,Upland,Azade
3,30.0104046,-82.2185465,0_20,0,20,7.400000000000002,Upland,Azade
3,30.0104046,-82.2185465,20_40,20,40,4.0000000000000036,Upland,Azade
3,30.004466,-82.220866,0_20,0,20,8.600000000000012,Upland,Azade
3,30.004466,-82.220866,20_40,20,40,2.2000000000000064,Upland,Azade
NA,29.9071271,-82.2136663,0_20,0,20,5.3999999999999915,Upland,Azade
NA,29.9071271,-82.2136663,20_40,20,40,0,Upland,Azade
NA,29.9007389,-82.212619900000007,0_20,0,20,5.400000000000009,Upland,Azade
NA,29.9007389,-82.212619900000007,20_40,20,40,0.600000000000005,Upland,Azade
NA,29.8925463,-82.2109488,0_20,0,20,2.2000000000000064,Upland,Azade
NA,29.8925463,-82.2109488,20_40,20,40,0.39999999999999153,Upland,Azade
NA,30.0104046,-82.2185465,0_20,0,20,1.1999999999999922,Upland,Azade
NA,30.0104046,-82.2185465,20_40,20,40,0.39999999999999153,Upland,Azade
NA,29.9124338,-82.2137759,0_20,0,20,1.1999999999999922,Upland,Azade
NA,29.9124338,-82.2137759,20_40,20,40,0.600000000000005,Upland,Azade
NA,29.8969284,-82.2198601,0_20,0,20,4.399999999999995,Upland,Azade
NA,29.8969284,-82.2198601,20_40,20,40,0.4000000000000092,Upland,Azade
NA,29.90695,-82.2122,0_20,0,20,1.7999999999999972,Upland,Azade
NA,29.90695,-82.2122,20_40,20,40,1.20000000000001,Upland,Azade
NA,29.8728078,-82.2430425,0_20,0,20,2.7999999999999936,Upland,Azade
NA,29.8728078,-82.2430425,20_40,20,40,1.6000000000000014,Upland,Azade
NA,29.8685119,-82.2452731,0_20,0,20,3.79999999999999,Upland,Azade
NA,29.8685119,-82.2452731,20_40,20,40,1.4000000000000057,Upland,Azade
NA,29.8713934,-82.2482711,0_20,0,20,5,Upland,Azade
NA,29.8713934,-82.2482711,20_40,20,40,2.400000000000002,Upland,Azade
5,29.8850717,-82.255159,0_20,0,20,4.400000000000013,Upland,Azade
5,29.8850717,-82.255159,20_40,20,40,2.400000000000002,Upland,Azade
5,29.8838967,-82.2585131,0_20,0,20,6.400000000000006,Upland,Azade
5,29.8838967,-82.2585131,20_40,20,40,5,Upland,Azade
NA,29.8931608,-82.2322553,0_20,0,20,1.9999999999999927,Upland,Azade
NA,29.8931608,-82.2322553,20_40,20,40,1.6000000000000014,Upland,Azade
NA,29.8840087,-82.2385025,0_20,0,20,6.799999999999998,Upland,Azade
NA,29.8840087,-82.2385025,20_40,20,40,2.9999999999999893,Upland,Azade
6a,29.9538199,-82.2224257,0_20,0,20,2.599999999999998,Upland,Azade
6a,29.9538199,-82.2224257,20_40,20,40,0.9999999999999963,Upland,Azade
6a,29.9480378,-82.2238187,0_20,0,20,1.6000000000000014,Upland,Azade
6a,29.9480378,-82.2238187,20_40,20,40,1.0000000000000142,Upland,Azade
6a,29.9495426,-82.2236045,0_20,0,20,2.0000000000000107,Upland,Azade
6a,29.9495426,-82.2236045,20_40,20,40,1.4000000000000057,Upland,Azade
6a,29.9479437,-82.2216864,0_20,0,20,1.9999999999999927,Upland,Azade
6a,29.9479437,-82.2216864,20_40,20,40,0.600000000000005,Upland,Azade
6a,29.9465074,-82.2293451,0_20,0,20,1.4000000000000057,Upland,Azade
6a,29.9465074,-82.2293451,20_40,20,40,0.8000000000000007,Upland,Azade
NA,30.0005695,-82.2296824,0_20,0,20,3.399999999999999,Upland,Azade
NA,30.0005695,-82.2296824,20_40,20,40,1.20000000000001,Upland,Azade
3,29.9905398,-82.2342636,0_20,0,20,1.4000000000000057,Upland,Azade
3,29.9905398,-82.2342636,20_40,20,40,0.600000000000005,Upland,Azade
NA,29.9912818,-82.2316692,0_20,0,20,4.0000000000000036,Upland,Azade
NA,29.9912818,-82.2316692,20_40,20,40,1.0000000000000142,Upland,Azade
3,29.9899707,-82.2258623,0_20,0,20,NA,Upland,Azade
3,29.9899707,-82.2258623,20_40,20,40,NA,Upland,Azade
3,29.9864491,-82.2224783,0_20,0,20,NA,Upland,Azade
3,29.9864491,-82.2224783,20_40,20,40,NA,Upland,Azade
NA,29.9912696,-82.2303841,0_20,0,20,NA,Upland,Azade
NA,29.9912696,-82.2303841,20_40,20,40,NA,Upland,Azade
NA,30.0046719,-82.2314952,0_20,0,20,NA,Upland,Azade
NA,30.0046719,-82.2314952,20_40,20,40,NA,Upland,Azade
15_409,29.903475800000002,-82.3007382,0_5,0,5,78.06548613,GIW,Faith
15_409,29.903475800000002,-82.3007382,5_10,5,10,18.18702879,GIW,Faith
15_409,29.903475800000002,-82.3007382,10_15,10,15,5.944351405,GIW,Faith
15_409,29.903475800000002,-82.3007382,15_20,15,20,5.322966507,GIW,Faith
15_409,29.903475800000002,-82.3007382,20_25,20,25,4.719897081,GIW,Faith
15_409,29.903475800000002,-82.3007382,25_30,25,30,4.519455293,GIW,Faith
15_409,29.903475800000002,-82.3007382,30_35,30,35,3.577821582,GIW,Faith
15_409,29.903475800000002,-82.3007382,35_40,35,40,3.55518206,GIW,Faith
15_409,29.903475800000002,-82.3007382,40_45,40,45,3.384371367,GIW,Faith
15_409,29.903475800000002,-82.3007382,45_50,45,50,7.14301418,GIW,Faith
15_409,29.903475800000002,-82.3007382,50_55,50,55,1.040525739,GIW,Faith
15_409,29.903475800000002,-82.3007382,0_5,0,5,67.15728716,GIW,Faith
15_409,29.903475800000002,-82.3007382,5_10,5,10,7.316371062,GIW,Faith
15_409,29.903475800000002,-82.3007382,10_15,10,15,3.538947711,GIW,Faith
15_409,29.903475800000002,-82.3007382,15_20,15,20,6.367847508,GIW,Faith
15_409,29.903475800000002,-82.3007382,20_25,20,25,3.982299117,GIW,Faith
15_409,29.903475800000002,-82.3007382,25_30,25,30,4.912287421,GIW,Faith
15_409,29.903475800000002,-82.3007382,30_35,30,35,4.115774559,GIW,Faith
15_409,29.903475800000002,-82.3007382,35_40,35,40,3.536999675,GIW,Faith
15_409,29.903475800000002,-82.3007382,40_45,40,45,2.488039564,GIW,Faith
15_409,29.903475800000002,-82.3007382,45_50,45,50,1.305057482,GIW,Faith
15_409,29.903475800000002,-82.3007382,50_55,50,55,0.648651681,GIW,Faith
15_409,29.903475800000002,-82.3007382,0_5,0,5,14.68698349,GIW,Faith
15_409,29.903475800000002,-82.3007382,5_10,5,10,4.235088713,GIW,Faith
15_409,29.903475800000002,-82.3007382,10_15,10,15,3.625303591,GIW,Faith
15_409,29.903475800000002,-82.3007382,15_20,15,20,2.73511333,GIW,Faith
15_409,29.903475800000002,-82.3007382,20_25,20,25,1.658555577,GIW,Faith
15_409,29.903475800000002,-82.3007382,25_30,25,30,0.631578947,GIW,Faith
15_409,29.903475800000002,-82.3007382,30_35,30,35,-0.00176174,GIW,Faith
15_409,29.903475800000002,-82.3007382,35_40,35,40,0.314301457,GIW,Faith
15_409,29.903475800000002,-82.3007382,40_45,40,45,0.315789474,GIW,Faith
15_409,29.903475800000002,-82.3007382,45_50,45,50,0.264494571,GIW,Faith
15_409,29.903475800000002,-82.3007382,0_5,0,5,37.00438166,GIW,Faith
15_409,29.903475800000002,-82.3007382,5_10,5,10,33.09431902,GIW,Faith
15_409,29.903475800000002,-82.3007382,10_15,10,15,4.774934784,GIW,Faith
15_409,29.903475800000002,-82.3007382,15_20,15,20,1.601794173,GIW,Faith
15_409,29.903475800000002,-82.3007382,20_25,20,25,0.362964493,GIW,Faith
15_409,29.903475800000002,-82.3007382,25_30,25,30,0.575862039,GIW,Faith
15_409,29.903475800000002,-82.3007382,30_35,30,35,0.627998423,GIW,Faith
15_409,29.903475800000002,-82.3007382,35_40,35,40,0.951374207,GIW,Faith
15_409,29.903475800000002,-82.3007382,40_45,40,45,0.419287212,GIW,Faith
15_409,29.903475800000002,-82.3007382,45_50,45,50,0.31595655499999997,GIW,Faith
15_409,29.903475800000002,-82.3007382,50_55,50,55,0.211752309,GIW,Faith
15_409,29.903475800000002,-82.3007382,0_5,0,5,14.0528376,GIW,Faith
15_409,29.903475800000002,-82.3007382,5_10,5,10,8.12995896,GIW,Faith
15_409,29.903475800000002,-82.3007382,10_15,10,15,3.448306854,GIW,Faith
15_409,29.903475800000002,-82.3007382,15_20,15,20,1.689576078,GIW,Faith
15_409,29.903475800000002,-82.3007382,20_25,20,25,1.162742673,GIW,Faith
15_409,29.903475800000002,-82.3007382,25_30,25,30,0.570756089,GIW,Faith
15_409,29.903475800000002,-82.3007382,30_35,30,35,1.213137154,GIW,Faith
15_409,29.903475800000002,-82.3007382,35_40,35,40,0.419727639,GIW,Faith
15_409,29.903475800000002,-82.3007382,40_45,40,45,0.369088684,GIW,Faith
15_409,29.903475800000002,-82.3007382,45_50,45,50,0.370931215,GIW,Faith
15_409,29.903475800000002,-82.3007382,0_5,0,5,21.02455167,GIW,Faith
15_409,29.903475800000002,-82.3007382,5_10,5,10,10.17916277,GIW,Faith
15_409,29.903475800000002,-82.3007382,10_15,10,15,8.1276555170000009,GIW,Faith
15_409,29.903475800000002,-82.3007382,15_20,15,20,12.16225364,GIW,Faith
15_409,29.903475800000002,-82.3007382,20_25,20,25,9.839029828,GIW,Faith
15_409,29.903475800000002,-82.3007382,25_30,25,30,3.268493303,GIW,Faith
6_93,29.9640872,-82.2113133,0_5,0,5,43.04881577,GIW,Faith
6_93,29.9640872,-82.2113133,5_10,5,10,23.02089612,GIW,Faith
6_93,29.9640872,-82.2113133,10_15,10,15,10.33229355,GIW,Faith
6_93,29.9640872,-82.2113133,15_20,15,20,8.270309434,GIW,Faith
6_93,29.9640872,-82.2113133,20_25,20,25,4.599051681,GIW,Faith
6_93,29.9640872,-82.2113133,25_30,25,30,2.956989247,GIW,Faith
6_93,29.9640872,-82.2113133,30_35,30,35,2.459904303,GIW,Faith
6_93,29.9640872,-82.2113133,35_40,35,40,0.83117085,GIW,Faith
6_93,29.9640872,-82.2113133,40_45,40,45,0.775969306,GIW,Faith
6_93,29.9640872,-82.2113133,0_5,0,5,35.30888142,GIW,Faith
6_93,29.9640872,-82.2113133,5_10,5,10,3.407821229,GIW,Faith
6_93,29.9640872,-82.2113133,10_15,10,15,3.224207698,GIW,Faith
6_93,29.9640872,-82.2113133,15_20,15,20,2.504533978,GIW,Faith
6_93,29.9640872,-82.2113133,20_25,20,25,1.384451544,GIW,Faith
6_93,29.9640872,-82.2113133,25_30,25,30,42.93248945,GIW,Faith
6_93,29.9640872,-82.2113133,30_35,30,35,-2.828970623,GIW,Faith
6_93,29.9640872,-82.2113133,35_40,35,40,1.243831154,GIW,Faith
6_93,29.9640872,-82.2113133,40_45,40,45,-0.604394149,GIW,Faith
6_93,29.9640872,-82.2113133,0_5,0,5,33.81873583,GIW,Faith
6_93,29.9640872,-82.2113133,5_10,5,10,6.350643526,GIW,Faith
6_93,29.9640872,-82.2113133,10_15,10,15,4.4602378,GIW,Faith
6_93,29.9640872,-82.2113133,15_20,15,20,2.849352828,GIW,Faith
6_93,29.9640872,-82.2113133,20_25,20,25,0.740359167,GIW,Faith
6_93,29.9640872,-82.2113133,25_30,25,30,-0.531371347,GIW,Faith
6_93,29.9640872,-82.2113133,30_35,30,35,0.974560472,GIW,Faith
6_93,29.9640872,-82.2113133,35_40,35,40,0.779138827,GIW,Faith
6_93,29.9640872,-82.2113133,40_45,40,45,2.59156986,GIW,Faith
6_93,29.9640872,-82.2113133,0_5,0,5,63.436542,GIW,Faith
6_93,29.9640872,-82.2113133,5_10,5,10,40.1423845,GIW,Faith
6_93,29.9640872,-82.2113133,10_15,10,15,36.15508311,GIW,Faith
6_93,29.9640872,-82.2113133,15_20,15,20,23.48878911,GIW,Faith
6_93,29.9640872,-82.2113133,20_25,20,25,15.05100671,GIW,Faith
6_93,29.9640872,-82.2113133,25_30,25,30,11.95155744,GIW,Faith
6_93,29.9640872,-82.2113133,30_35,30,35,7.392139725,GIW,Faith
6_93,29.9640872,-82.2113133,35_40,35,40,9.330588902,GIW,Faith
6_93,29.9640872,-82.2113133,0_5,0,5,62.26214355,GIW,Faith
6_93,29.9640872,-82.2113133,5_10,5,10,19.82470315,GIW,Faith
6_93,29.9640872,-82.2113133,10_15,10,15,9.827618787,GIW,Faith
6_93,29.9640872,-82.2113133,15_20,15,20,8.663945286,GIW,Faith
6_93,29.9640872,-82.2113133,20_25,20,25,4.499213873,GIW,Faith
6_93,29.9640872,-82.2113133,25_30,25,30,3.156364974,GIW,Faith
6_93,29.9640872,-82.2113133,30_35,30,35,1.071018757,GIW,Faith
6_93,29.9640872,-82.2113133,35_40,35,40,0.211640212,GIW,Faith
6_93,29.9640872,-82.2113133,40_45,40,45,0.264270613,GIW,Faith
6_93,29.9640872,-82.2113133,0_5,0,5,51.71823186,GIW,Faith
6_93,29.9640872,-82.2113133,5_10,5,10,23.53726216,GIW,Faith
6_93,29.9640872,-82.2113133,10_15,10,15,11.52674662,GIW,Faith
6_93,29.9640872,-82.2113133,15_20,15,20,7.485377722,GIW,Faith
6_93,29.9640872,-82.2113133,20_25,20,25,5.115850567,GIW,Faith
6_93,29.9640872,-82.2113133,25_30,25,30,4.001516323,GIW,Faith
6_93,29.9640872,-82.2113133,30_35,30,35,2.939597172,GIW,Faith
6_93,29.9640872,-82.2113133,35_40,35,40,1.648088272,GIW,Faith
6_93,29.9640872,-82.2113133,40_45,40,45,1.426391565,GIW,Faith
6_300,29.9703549,-82.2221323,0_30,0,30,11.98512126,GIW,AJ
6_300,29.970447,-82.221869,0_30,0,30,11.98512126,GIW,AJ
6_300,29.970597,-82.221709,0_30,0,30,11.98512126,GIW,AJ
6_300,29.970568,-82.221851,0_30,0,30,11.98512126,GIW,AJ
6_300,29.9703549,-82.2221323,30_60,30,60,1.125863577,GIW,AJ
6_300,29.970447,-82.221869,30_60,30,60,1.125863577,GIW,AJ
6_300,29.970597,-82.221709,30_60,30,60,1.125863577,GIW,AJ
6_300,29.970568,-82.221851,30_60,30,60,1.125863577,GIW,AJ
6_300,29.9703549,-82.2221323,0_30,0,30,11.14558155,GIW,AJ
6_300,29.970447,-82.221869,0_30,0,30,11.14558155,GIW,AJ
6_300,29.970597,-82.221709,0_30,0,30,11.14558155,GIW,AJ
6_300,29.970568,-82.221851,0_30,0,30,11.14558155,GIW,AJ
6_300,29.9703549,-82.2221323,30_60,30,60,0.656895623,GIW,AJ
6_300,29.970447,-82.221869,30_60,30,60,0.656895623,GIW,AJ
6_300,29.970597,-82.221709,30_60,30,60,0.656895623,GIW,AJ
6_300,29.970568,-82.221851,30_60,30,60,0.656895623,GIW,AJ
6_300,29.9703549,-82.2221323,0_30,0,30,9.803717747,GIW,AJ
6_300,29.970447,-82.221869,0_30,0,30,9.803717747,GIW,AJ
6_300,29.970597,-82.221709,0_30,0,30,9.803717747,GIW,AJ
6_300,29.970568,-82.221851,0_30,0,30,9.803717747,GIW,AJ
6_300,29.9703549,-82.2221323,0_30,0,30,26.53768535,GIW,AJ
6_300,29.970447,-82.221869,0_30,0,30,26.53768535,GIW,AJ
6_300,29.970597,-82.221709,0_30,0,30,26.53768535,GIW,AJ
6_300,29.970568,-82.221851,0_30,0,30,26.53768535,GIW,AJ
6_300,29.9703549,-82.2221323,30_60,30,60,8.392938166,GIW,AJ
6_300,29.970447,-82.221869,30_60,30,60,8.392938166,GIW,AJ
6_300,29.970597,-82.221709,30_60,30,60,8.392938166,GIW,AJ
6_300,29.970568,-82.221851,30_60,30,60,8.392938166,GIW,AJ
6_20,29.9717,-82.234545,0_30,0,30,11.98512126,GIW,AJ
6_20,29.97131,-82.234802,0_30,0,30,11.98512126,GIW,AJ
6_20,29.971065,-82.234693,0_30,0,30,11.98512126,GIW,AJ
6_20,29.970928,-82.23467,0_30,0,30,11.98512126,GIW,AJ
6_20,29.9717,-82.234545,30_60,30,60,1.125863577,GIW,AJ
6_20,29.97131,-82.234802,30_60,30,60,1.125863577,GIW,AJ
6_20,29.971065,-82.234693,30_60,30,60,1.125863577,GIW,AJ
6_20,29.970928,-82.23467,30_60,30,60,1.125863577,GIW,AJ
6_20,29.9717,-82.234545,0_30,0,30,11.14558155,GIW,AJ
6_20,29.97131,-82.234802,0_30,0,30,11.14558155,GIW,AJ
6_20,29.971065,-82.234693,0_30,0,30,11.14558155,GIW,AJ
6_20,29.970928,-82.23467,0_30,0,30,11.14558155,GIW,AJ
6_20,29.9717,-82.234545,30_60,30,60,0.656895623,GIW,AJ
6_20,29.97131,-82.234802,30_60,30,60,0.656895623,GIW,AJ
6_20,29.971065,-82.234693,30_60,30,60,0.656895623,GIW,AJ
6_20,29.970928,-82.23467,30_60,30,60,0.656895623,GIW,AJ
6_20,29.9717,-82.234545,0_30,0,30,9.803717747,GIW,AJ
6_20,29.97131,-82.234802,0_30,0,30,9.803717747,GIW,AJ
6_20,29.971065,-82.234693,0_30,0,30,9.803717747,GIW,AJ
6_20,29.970928,-82.23467,0_30,0,30,9.803717747,GIW,AJ
6_20,29.9717,-82.234545,0_30,0,30,26.53768535,GIW,AJ
6_20,29.97131,-82.234802,0_30,0,30,26.53768535,GIW,AJ
6_20,29.971065,-82.234693,0_30,0,30,26.53768535,GIW,AJ
6_20,29.970928,-82.23467,0_30,0,30,26.53768535,GIW,AJ
6_20,29.9717,-82.234545,30_60,30,60,8.392938166,GIW,AJ
6_20,29.97131,-82.234802,30_60,30,60,8.392938166,GIW,AJ
6_20,29.971065,-82.234693,30_60,30,60,8.392938166,GIW,AJ
6_20,29.970928,-82.23467,30_60,30,60,8.392938166,GIW,AJ
14_115,29.9147165424809,-82.29697247,0_30,0,30,1.268114148,GIW,AJ
14_115,29.9148060493478,-82.29697516,0_30,0,30,1.268114148,GIW,AJ
14_115,29.914879282179,-82.29701271,0_30,0,30,1.268114148,GIW,AJ
14_115,29.9148118614792,-82.29704221,0_30,0,30,1.268114148,GIW,AJ
14_115,29.9147165424809,-82.29697247,30_60,30,60,1.175246564,GIW,AJ
14_115,29.9148060493478,-82.29697516,30_60,30,60,1.175246564,GIW,AJ
14_115,29.914879282179,-82.29701271,30_60,30,60,1.175246564,GIW,AJ
14_115,29.9148118614792,-82.29704221,30_60,30,60,1.175246564,GIW,AJ
14_115,29.9147165424809,-82.29697247,0_30,0,30,2.516590389,GIW,AJ
14_115,29.9148060493478,-82.29697516,0_30,0,30,2.516590389,GIW,AJ
14_115,29.914879282179,-82.29701271,0_30,0,30,2.516590389,GIW,AJ
14_115,29.9148118614792,-82.29704221,0_30,0,30,2.516590389,GIW,AJ
14_115,29.9147165424809,-82.29697247,30_60,30,60,2.222176288,GIW,AJ
14_115,29.9148060493478,-82.29697516,30_60,30,60,2.222176288,GIW,AJ
14_115,29.914879282179,-82.29701271,30_60,30,60,2.222176288,GIW,AJ
14_115,29.9148118614792,-82.29704221,30_60,30,60,2.222176288,GIW,AJ
14_115,29.9147165424809,-82.29697247,0_30,0,30,2.108739739,GIW,AJ
14_115,29.9148060493478,-82.29697516,0_30,0,30,2.108739739,GIW,AJ
14_115,29.914879282179,-82.29701271,0_30,0,30,2.108739739,GIW,AJ
14_115,29.9148118614792,-82.29704221,0_30,0,30,2.108739739,GIW,AJ
14_115,29.9147165424809,-82.29697247,30_60,30,60,0.997634926,GIW,AJ
14_115,29.9148060493478,-82.29697516,30_60,30,60,0.997634926,GIW,AJ
14_115,29.914879282179,-82.29701271,30_60,30,60,0.997634926,GIW,AJ
14_115,29.9148118614792,-82.29704221,30_60,30,60,0.997634926,GIW,AJ
14_115,29.9147165424809,-82.29697247,0_30,0,30,1.078422061,GIW,AJ
14_115,29.9148060493478,-82.29697516,0_30,0,30,1.078422061,GIW,AJ
14_115,29.914879282179,-82.29701271,0_30,0,30,1.078422061,GIW,AJ
14_115,29.9148118614792,-82.29704221,0_30,0,30,1.078422061,GIW,AJ
14_115,29.9147165424809,-82.29697247,30_60,30,60,1.236808866,GIW,AJ
14_115,29.9148060493478,-82.29697516,30_60,30,60,1.236808866,GIW,AJ
14_115,29.914879282179,-82.29701271,30_60,30,60,1.236808866,GIW,AJ
14_115,29.9148118614792,-82.29704221,30_60,30,60,1.236808866,GIW,AJ
14_500,29.9193484610554,-82.30287284,0_30,0,30,1.849959639,GIW,AJ
14_500,29.9192439789471,-82.30269864,0_30,0,30,1.849959639,GIW,AJ
14_500,29.9193084897391,-82.30277646,0_30,0,30,1.849959639,GIW,AJ
14_500,29.9193728708916,-82.30276555,0_30,0,30,1.849959639,GIW,AJ
14_500,29.9193484610554,-82.30287284,30_60,30,60,1.686438954,GIW,AJ
14_500,29.9192439789471,-82.30269864,30_60,30,60,1.686438954,GIW,AJ
14_500,29.9193084897391,-82.30277646,30_60,30,60,1.686438954,GIW,AJ
14_500,29.9193728708916,-82.30276555,30_60,30,60,1.686438954,GIW,AJ
14_500,29.9193484610554,-82.30287284,0_30,0,30,0.240395782,GIW,AJ
14_500,29.9192439789471,-82.30269864,0_30,0,30,0.240395782,GIW,AJ
14_500,29.9193084897391,-82.30277646,0_30,0,30,0.240395782,GIW,AJ
14_500,29.9193728708916,-82.30276555,0_30,0,30,0.240395782,GIW,AJ
14_500,29.9193484610554,-82.30287284,30_60,30,60,0.991801935,GIW,AJ
14_500,29.9192439789471,-82.30269864,30_60,30,60,0.991801935,GIW,AJ
14_500,29.9193084897391,-82.30277646,30_60,30,60,0.991801935,GIW,AJ
14_500,29.9193728708916,-82.30276555,30_60,30,60,0.991801935,GIW,AJ
14_500,29.9193484610554,-82.30287284,0_30,0,30,5.294724765,GIW,AJ
14_500,29.9192439789471,-82.30269864,0_30,0,30,5.294724765,GIW,AJ
14_500,29.9193084897391,-82.30277646,0_30,0,30,5.294724765,GIW,AJ
14_500,29.9193728708916,-82.30276555,0_30,0,30,5.294724765,GIW,AJ
14_500,29.9193484610554,-82.30287284,30_60,30,60,1.293378753,GIW,AJ
14_500,29.9192439789471,-82.30269864,30_60,30,60,1.293378753,GIW,AJ
14_500,29.9193084897391,-82.30277646,30_60,30,60,1.293378753,GIW,AJ
14_500,29.9193728708916,-82.30276555,30_60,30,60,1.293378753,GIW,AJ
14_500,29.9193484610554,-82.30287284,0_30,0,30,1.575944951,GIW,AJ
14_500,29.9192439789471,-82.30269864,0_30,0,30,1.575944951,GIW,AJ
14_500,29.9193084897391,-82.30277646,0_30,0,30,1.575944951,GIW,AJ
14_500,29.9193728708916,-82.30276555,0_30,0,30,1.575944951,GIW,AJ
14_500,29.9193484610554,-82.30287284,30_60,30,60,0.654630923,GIW,AJ
14_500,29.9192439789471,-82.30269864,30_60,30,60,0.654630923,GIW,AJ
14_500,29.9193084897391,-82.30277646,30_60,30,60,0.654630923,GIW,AJ
14_500,29.9193728708916,-82.30276555,30_60,30,60,0.654630923,GIW,AJ
14/9_168,29.922465971123,-82.24840478,0_30,0,30,1.542954484,GIW,AJ
14/9_168,29.9226449969283,-82.24858769,0_30,0,30,1.542954484,GIW,AJ
14/9_168,29.9229204698955,-82.2486695,0_30,0,30,1.542954484,GIW,AJ
14/9_168,29.922465971123,-82.24840478,30_60,30,60,0.716385572,GIW,AJ
14/9_168,29.9226449969283,-82.24858769,30_60,30,60,0.716385572,GIW,AJ
14/9_168,29.9229204698955,-82.2486695,30_60,30,60,0.716385572,GIW,AJ
14/9_168,29.922465971123,-82.24840478,0_30,0,30,6.242462752,GIW,AJ
14/9_168,29.9226449969283,-82.24858769,0_30,0,30,6.242462752,GIW,AJ
14/9_168,29.9229204698955,-82.2486695,0_30,0,30,6.242462752,GIW,AJ
14/9_168,29.922465971123,-82.24840478,30_60,30,60,2.126451781,GIW,AJ
14/9_168,29.9226449969283,-82.24858769,30_60,30,60,2.126451781,GIW,AJ
14/9_168,29.9229204698955,-82.2486695,30_60,30,60,2.126451781,GIW,AJ
14/9_168,29.922465971123,-82.24840478,0_30,0,30,25.42103614,GIW,AJ
14/9_168,29.9226449969283,-82.24858769,0_30,0,30,25.42103614,GIW,AJ
14/9_168,29.9229204698955,-82.2486695,0_30,0,30,25.42103614,GIW,AJ
14/9_168,29.922465971123,-82.24840478,30_60,30,60,24.21653318,GIW,AJ
14/9_168,29.9226449969283,-82.24858769,30_60,30,60,24.21653318,GIW,AJ
14/9_168,29.9229204698955,-82.2486695,30_60,30,60,24.21653318,GIW,AJ
14/9_527,29.9395362567257,-82.24586162,0_30,0,30,2.816847016,GIW,AJ
14/9_527,29.9390466947254,-82.24569268,0_30,0,30,2.816847016,GIW,AJ
14/9_527,29.9389650471634,-82.24562455,0_30,0,30,2.816847016,GIW,AJ
14/9_527,29.938931442965,-82.24555817,0_30,0,30,2.816847016,GIW,AJ
14/9_527,29.9395362567257,-82.24586162,0_30,0,30,47.70042277,GIW,AJ
14/9_527,29.9390466947254,-82.24569268,0_30,0,30,47.70042277,GIW,AJ
14/9_527,29.9389650471634,-82.24562455,0_30,0,30,47.70042277,GIW,AJ
14/9_527,29.938931442965,-82.24555817,0_30,0,30,47.70042277,GIW,AJ
14/9_527,29.9395362567257,-82.24586162,30_60,30,60,5.700230857,GIW,AJ
14/9_527,29.9390466947254,-82.24569268,30_60,30,60,5.700230857,GIW,AJ
14/9_527,29.9389650471634,-82.24562455,30_60,30,60,5.700230857,GIW,AJ
14/9_527,29.938931442965,-82.24555817,30_60,30,60,5.700230857,GIW,AJ
14/9_527,29.9395362567257,-82.24586162,0_30,0,30,13.5491656,GIW,AJ
14/9_527,29.9390466947254,-82.24569268,0_30,0,30,13.5491656,GIW,AJ
14/9_527,29.9389650471634,-82.24562455,0_30,0,30,13.5491656,GIW,AJ
14/9_527,29.938931442965,-82.24555817,0_30,0,30,13.5491656,GIW,AJ
14/9_527,29.9395362567257,-82.24586162,30_60,30,60,4.381479583,GIW,AJ
14/9_527,29.9390466947254,-82.24569268,30_60,30,60,4.381479583,GIW,AJ
14/9_527,29.9389650471634,-82.24562455,30_60,30,60,4.381479583,GIW,AJ
14/9_527,29.938931442965,-82.24555817,30_60,30,60,4.381479583,GIW,AJ
14/9_601,29.9092137870889,-82.27217031,0_30,0,30,3.337989102,GIW,AJ
14/9_601,29.9091998371888,-82.2715829,0_30,0,30,3.337989102,GIW,AJ
14/9_601,29.9099066296691,-82.27213276,0_30,0,30,3.337989102,GIW,AJ
14/9_601,29.9099763786551,-82.27219445,0_30,0,30,3.337989102,GIW,AJ
14/9_601,29.9092137870889,-82.27217031,30_60,30,60,0.975659889,GIW,AJ
14/9_601,29.9091998371888,-82.2715829,30_60,30,60,0.975659889,GIW,AJ
14/9_601,29.9099066296691,-82.27213276,30_60,30,60,0.975659889,GIW,AJ
14/9_601,29.9099763786551,-82.27219445,30_60,30,60,0.975659889,GIW,AJ
14/9_601,29.9092137870889,-82.27217031,0_30,0,30,11.17547545,GIW,AJ
14/9_601,29.9091998371888,-82.2715829,0_30,0,30,11.17547545,GIW,AJ
14/9_601,29.9099066296691,-82.27213276,0_30,0,30,11.17547545,GIW,AJ
14/9_601,29.9099763786551,-82.27219445,0_30,0,30,11.17547545,GIW,AJ
14/9_601,29.9092137870889,-82.27217031,30_60,30,60,1.858135904,GIW,AJ
14/9_601,29.9091998371888,-82.2715829,30_60,30,60,1.858135904,GIW,AJ
14/9_601,29.9099066296691,-82.27213276,30_60,30,60,1.858135904,GIW,AJ
14/9_601,29.9099763786551,-82.27219445,30_60,30,60,1.858135904,GIW,AJ
14/9_601,29.9092137870889,-82.27217031,0_30,0,30,1.838853611,GIW,AJ
14/9_601,29.9091998371888,-82.2715829,0_30,0,30,1.838853611,GIW,AJ
14/9_601,29.9099066296691,-82.27213276,0_30,0,30,1.838853611,GIW,AJ
14/9_601,29.9099763786551,-82.27219445,0_30,0,30,1.838853611,GIW,AJ
15_4,29.898933,-82.292989,0_30,0,30,5.140186916,GIW,AJ
15_4,29.899095,-82.292934,0_30,0,30,5.140186916,GIW,AJ
15_4,29.8992329,-82.2929082,0_30,0,30,5.140186916,GIW,AJ
15_4,29.899387,-82.292914,0_30,0,30,5.140186916,GIW,AJ
15_4,29.898933,-82.292989,30_60,30,60,0.8492569,GIW,AJ
15_4,29.899095,-82.292934,30_60,30,60,0.8492569,GIW,AJ
15_4,29.8992329,-82.2929082,30_60,30,60,0.8492569,GIW,AJ
15_4,29.899387,-82.292914,30_60,30,60,0.8492569,GIW,AJ
15_4,29.898933,-82.292989,0_30,0,30,9.943181818,GIW,AJ
15_4,29.899095,-82.292934,0_30,0,30,9.943181818,GIW,AJ
15_4,29.8992329,-82.2929082,0_30,0,30,9.943181818,GIW,AJ
15_4,29.899387,-82.292914,0_30,0,30,9.943181818,GIW,AJ
15_4,29.898933,-82.292989,30_60,30,60,1.333333333,GIW,AJ
15_4,29.899095,-82.292934,30_60,30,60,1.333333333,GIW,AJ
15_4,29.8992329,-82.2929082,30_60,30,60,1.333333333,GIW,AJ
15_4,29.899387,-82.292914,30_60,30,60,1.333333333,GIW,AJ
15_4,29.898933,-82.292989,0_30,0,30,7.967032967,GIW,AJ
15_4,29.899095,-82.292934,0_30,0,30,7.967032967,GIW,AJ
15_4,29.8992329,-82.2929082,0_30,0,30,7.967032967,GIW,AJ
15_4,29.899387,-82.292914,0_30,0,30,7.967032967,GIW,AJ
15_4,29.898933,-82.292989,30_60,30,60,4.210526316,GIW,AJ
15_4,29.899095,-82.292934,30_60,30,60,4.210526316,GIW,AJ
15_4,29.8992329,-82.2929082,30_60,30,60,4.210526316,GIW,AJ
15_4,29.899387,-82.292914,30_60,30,60,4.210526316,GIW,AJ
15_4,29.898933,-82.292989,0_30,0,30,7.124010554,GIW,AJ
15_4,29.899095,-82.292934,0_30,0,30,7.124010554,GIW,AJ
15_4,29.8992329,-82.2929082,0_30,0,30,7.124010554,GIW,AJ
15_4,29.899387,-82.292914,0_30,0,30,7.124010554,GIW,AJ
15_4,29.898933,-82.292989,30_60,30,60,2.678571429,GIW,AJ
15_4,29.899095,-82.292934,30_60,30,60,2.678571429,GIW,AJ
15_4,29.8992329,-82.2929082,30_60,30,60,2.678571429,GIW,AJ
15_4,29.899387,-82.292914,30_60,30,60,2.678571429,GIW,AJ
15_409,29.903236,-82.300823,0_30,0,30,12.84153005,GIW,AJ
15_409,29.90333,-82.3008126,0_30,0,30,12.84153005,GIW,AJ
15_409,29.9033689,-82.3007753,0_30,0,30,12.84153005,GIW,AJ
15_409,29.903456,-82.300744,0_30,0,30,12.84153005,GIW,AJ
15_409,29.903236,-82.300823,30_60,30,60,5.04587156,GIW,AJ
15_409,29.90333,-82.3008126,30_60,30,60,5.04587156,GIW,AJ
15_409,29.9033689,-82.3007753,30_60,30,60,5.04587156,GIW,AJ
15_409,29.903456,-82.300744,30_60,30,60,5.04587156,GIW,AJ
15_409,29.903236,-82.300823,0_30,0,30,2.352941176,GIW,AJ
15_409,29.90333,-82.3008126,0_30,0,30,2.352941176,GIW,AJ
15_409,29.9033689,-82.3007753,0_30,0,30,2.352941176,GIW,AJ
15_409,29.903456,-82.300744,0_30,0,30,2.352941176,GIW,AJ
15_409,29.903236,-82.300823,30_60,30,60,0.229357798,GIW,AJ
15_409,29.90333,-82.3008126,30_60,30,60,0.229357798,GIW,AJ
15_409,29.9033689,-82.3007753,30_60,30,60,0.229357798,GIW,AJ
15_409,29.903456,-82.300744,30_60,30,60,0.229357798,GIW,AJ
15_409,29.903236,-82.300823,0_30,0,30,6.989247312,GIW,AJ
15_409,29.90333,-82.3008126,0_30,0,30,6.989247312,GIW,AJ
15_409,29.9033689,-82.3007753,0_30,0,30,6.989247312,GIW,AJ
15_409,29.903456,-82.300744,0_30,0,30,6.989247312,GIW,AJ
15_409,29.903236,-82.300823,30_60,30,60,0.456621005,GIW,AJ
15_409,29.90333,-82.3008126,30_60,30,60,0.456621005,GIW,AJ
15_409,29.9033689,-82.3007753,30_60,30,60,0.456621005,GIW,AJ
15_409,29.903456,-82.300744,30_60,30,60,0.456621005,GIW,AJ
15_409,29.903236,-82.300823,0_30,0,30,4.644808743,GIW,AJ
15_409,29.90333,-82.3008126,0_30,0,30,4.644808743,GIW,AJ
15_409,29.9033689,-82.3007753,0_30,0,30,4.644808743,GIW,AJ
15_409,29.903456,-82.300744,0_30,0,30,4.644808743,GIW,AJ
15_409,29.903236,-82.300823,30_60,30,60,5.420054201,GIW,AJ
15_409,29.90333,-82.3008126,30_60,30,60,5.420054201,GIW,AJ
15_409,29.9033689,-82.3007753,30_60,30,60,5.420054201,GIW,AJ
15_409,29.903456,-82.300744,30_60,30,60,5.420054201,GIW,AJ
15_268,29.8978454356736,-82.3167182926512,0_30,0,30,13.12335958,GIW,AJ
15_268,29.8975827,-82.3169507,0_30,0,30,13.12335958,GIW,AJ
15_268,29.89751,-82.316986,0_30,0,30,13.12335958,GIW,AJ
15_268,29.8978454356736,-82.3167182926512,30_60,30,60,0.410677618,GIW,AJ
15_268,29.8975827,-82.3169507,30_60,30,60,0.410677618,GIW,AJ
15_268,29.89751,-82.316986,30_60,30,60,0.410677618,GIW,AJ
15_268,29.8978454356736,-82.3167182926512,0_30,0,30,29.76588629,GIW,AJ
15_268,29.8975827,-82.3169507,0_30,0,30,29.76588629,GIW,AJ
15_268,29.89751,-82.316986,0_30,0,30,29.76588629,GIW,AJ
15_268,29.8978454356736,-82.3167182926512,30_60,30,60,1.777777778,GIW,AJ
15_268,29.8975827,-82.3169507,30_60,30,60,1.777777778,GIW,AJ
15_268,29.89751,-82.316986,30_60,30,60,1.777777778,GIW,AJ
15_268,29.8978454356736,-82.3167182926512,0_30,0,30,42.8,GIW,AJ
15_268,29.8975827,-82.3169507,0_30,0,30,42.8,GIW,AJ
15_268,29.89751,-82.316986,0_30,0,30,42.8,GIW,AJ
15_268,29.8978454356736,-82.3167182926512,30_60,30,60,5.37084399,GIW,AJ
15_268,29.8975827,-82.3169507,30_60,30,60,5.37084399,GIW,AJ
15_268,29.89751,-82.316986,30_60,30,60,5.37084399,GIW,AJ
15_268,29.8978454356736,-82.3167182926512,0_30,0,30,30.87719298,GIW,AJ
15_268,29.8975827,-82.3169507,0_30,0,30,30.87719298,GIW,AJ
15_268,29.89751,-82.316986,0_30,0,30,30.87719298,GIW,AJ
15_268,29.8978454356736,-82.3167182926512,30_60,30,60,4.819277108,GIW,AJ
15_268,29.8975827,-82.3169507,30_60,30,60,4.819277108,GIW,AJ
15_268,29.89751,-82.316986,30_60,30,60,4.819277108,GIW,AJ
13_410,29.888864,-82.18124,0_30,0,30,4.534005038,GIW,AJ
13_410,29.888757,-82.181117,0_30,0,30,4.534005038,GIW,AJ
13_410,29.8888638,-82.1812404,0_30,0,30,4.534005038,GIW,AJ
13_410,29.888478,-82.180997,0_30,0,30,4.534005038,GIW,AJ
13_410,29.888864,-82.18124,30_60,30,60,0.717703349,GIW,AJ
13_410,29.888757,-82.181117,30_60,30,60,0.717703349,GIW,AJ
13_410,29.8888638,-82.1812404,30_60,30,60,0.717703349,GIW,AJ
13_410,29.888478,-82.180997,30_60,30,60,0.717703349,GIW,AJ
13_410,29.888864,-82.18124,0_30,0,30,9.493670886,GIW,AJ
13_410,29.888757,-82.181117,0_30,0,30,9.493670886,GIW,AJ
13_410,29.8888638,-82.1812404,0_30,0,30,9.493670886,GIW,AJ
13_410,29.888478,-82.180997,0_30,0,30,9.493670886,GIW,AJ
13_410,29.888864,-82.18124,30_60,30,60,4.177545692,GIW,AJ
13_410,29.888757,-82.181117,30_60,30,60,4.177545692,GIW,AJ
13_410,29.8888638,-82.1812404,30_60,30,60,4.177545692,GIW,AJ
13_410,29.888478,-82.180997,30_60,30,60,4.177545692,GIW,AJ
13_410,29.888864,-82.18124,0_30,0,30,42.44186047,GIW,AJ
13_410,29.888757,-82.181117,0_30,0,30,42.44186047,GIW,AJ
13_410,29.8888638,-82.1812404,0_30,0,30,42.44186047,GIW,AJ
13_410,29.888478,-82.180997,0_30,0,30,42.44186047,GIW,AJ
13_410,29.888864,-82.18124,30_60,30,60,7.602339181,GIW,AJ
13_410,29.888757,-82.181117,30_60,30,60,7.602339181,GIW,AJ
13_410,29.8888638,-82.1812404,30_60,30,60,7.602339181,GIW,AJ
13_410,29.888478,-82.180997,30_60,30,60,7.602339181,GIW,AJ
13_410,29.888864,-82.18124,0_30,0,30,40,GIW,AJ
13_410,29.888757,-82.181117,0_30,0,30,40,GIW,AJ
13_410,29.8888638,-82.1812404,0_30,0,30,40,GIW,AJ
13_410,29.888478,-82.180997,0_30,0,30,40,GIW,AJ
13_410,29.888864,-82.18124,30_60,30,60,16.73469388,GIW,AJ
13_410,29.888757,-82.181117,30_60,30,60,16.73469388,GIW,AJ
13_410,29.8888638,-82.1812404,30_60,30,60,16.73469388,GIW,AJ
13_410,29.888478,-82.180997,30_60,30,60,16.73469388,GIW,AJ
13_274,29.892205,-82.184465,0_30,0,30,0.245700246,GIW,AJ
13_274,29.892067,-82.184371,0_30,0,30,0.245700246,GIW,AJ
13_274,29.891779,-82.184158,0_30,0,30,0.245700246,GIW,AJ
13_274,29.891513,-82.184111,0_30,0,30,0.245700246,GIW,AJ
13_274,29.892205,-82.184465,30_60,30,60,0.491400491,GIW,AJ
13_274,29.892067,-82.184371,30_60,30,60,0.491400491,GIW,AJ
13_274,29.891779,-82.184158,30_60,30,60,0.491400491,GIW,AJ
13_274,29.891513,-82.184111,30_60,30,60,0.491400491,GIW,AJ
13_274,29.892205,-82.184465,0_30,0,30,1.80878553,GIW,AJ
13_274,29.892067,-82.184371,0_30,0,30,1.80878553,GIW,AJ
13_274,29.891779,-82.184158,0_30,0,30,1.80878553,GIW,AJ
13_274,29.891513,-82.184111,0_30,0,30,1.80878553,GIW,AJ
13_274,29.892205,-82.184465,0_30,0,30,3.804347826,GIW,AJ
13_274,29.892067,-82.184371,0_30,0,30,3.804347826,GIW,AJ
13_274,29.891779,-82.184158,0_30,0,30,3.804347826,GIW,AJ
13_274,29.891513,-82.184111,0_30,0,30,3.804347826,GIW,AJ
13_274,29.892205,-82.184465,30_60,30,60,0.233100233,GIW,AJ
13_274,29.892067,-82.184371,30_60,30,60,0.233100233,GIW,AJ
13_274,29.891779,-82.184158,30_60,30,60,0.233100233,GIW,AJ
13_274,29.891513,-82.184111,30_60,30,60,0.233100233,GIW,AJ
13_274,29.892205,-82.184465,0_30,0,30,3.693181818,GIW,AJ
13_274,29.892067,-82.184371,0_30,0,30,3.693181818,GIW,AJ
13_274,29.891779,-82.184158,0_30,0,30,3.693181818,GIW,AJ
13_274,29.891513,-82.184111,0_30,0,30,3.693181818,GIW,AJ
13_274,29.892205,-82.184465,30_60,30,60,6.462585034,GIW,AJ
13_274,29.892067,-82.184371,30_60,30,60,6.462585034,GIW,AJ
13_274,29.891779,-82.184158,30_60,30,60,6.462585034,GIW,AJ
13_274,29.891513,-82.184111,30_60,30,60,6.462585034,GIW,AJ
9_332,29.9326606288089,-82.2362880653588,0_30,0,30,3.942120086,GIW,AJ
9_332,29.9318983281308,-82.2364639912152,0_30,0,30,3.942120086,GIW,AJ
9_332,29.9316950469637,-82.2366579607492,0_30,0,30,3.942120086,GIW,AJ
9_332,29.9315894969632,-82.2368519302831,0_30,0,30,3.942120086,GIW,AJ
9_332,29.9326606288089,-82.2362880653588,30_60,30,60,3.01500328,GIW,AJ
9_332,29.9318983281308,-82.2364639912152,30_60,30,60,3.01500328,GIW,AJ
9_332,29.9316950469637,-82.2366579607492,30_60,30,60,3.01500328,GIW,AJ
9_332,29.9315894969632,-82.2368519302831,30_60,30,60,3.01500328,GIW,AJ
9_332,29.9326606288089,-82.2362880653588,0_30,0,30,17.05347692,GIW,AJ
9_332,29.9318983281308,-82.2364639912152,0_30,0,30,17.05347692,GIW,AJ
9_332,29.9316950469637,-82.2366579607492,0_30,0,30,17.05347692,GIW,AJ
9_332,29.9315894969632,-82.2368519302831,0_30,0,30,17.05347692,GIW,AJ
9_332,29.9326606288089,-82.2362880653588,30_60,30,60,5.195385872,GIW,AJ
9_332,29.9318983281308,-82.2364639912152,30_60,30,60,5.195385872,GIW,AJ
9_332,29.9316950469637,-82.2366579607492,30_60,30,60,5.195385872,GIW,AJ
9_332,29.9315894969632,-82.2368519302831,30_60,30,60,5.195385872,GIW,AJ
9_332,29.9326606288089,-82.2362880653588,0_30,0,30,48.16873666,GIW,AJ
9_332,29.9318983281308,-82.2364639912152,0_30,0,30,48.16873666,GIW,AJ
9_332,29.9316950469637,-82.2366579607492,0_30,0,30,48.16873666,GIW,AJ
9_332,29.9315894969632,-82.2368519302831,0_30,0,30,48.16873666,GIW,AJ
9_332,29.9326606288089,-82.2362880653588,0_30,0,30,50.53423661,GIW,AJ
9_332,29.9318983281308,-82.2364639912152,0_30,0,30,50.53423661,GIW,AJ
9_332,29.9316950469637,-82.2366579607492,0_30,0,30,50.53423661,GIW,AJ
9_332,29.9315894969632,-82.2368519302831,0_30,0,30,50.53423661,GIW,AJ
9_332,29.9326606288089,-82.2362880653588,30_60,30,60,2.767515972,GIW,AJ
9_332,29.9318983281308,-82.2364639912152,30_60,30,60,2.767515972,GIW,AJ
9_332,29.9316950469637,-82.2366579607492,30_60,30,60,2.767515972,GIW,AJ
9_332,29.9315894969632,-82.2368519302831,30_60,30,60,2.767515972,GIW,AJ
3_34,29.9889226497831,-82.2025082349943,0_30,0,30,1.935300814,GIW,AJ
3_34,29.9888448252212,-82.202607476717,0_30,0,30,1.935300814,GIW,AJ
3_34,29.9887042762311,-82.2024063110433,0_30,0,30,1.935300814,GIW,AJ
3_34,29.9887489963859,-82.2022976815901,0_30,0,30,1.935300814,GIW,AJ
3_34,29.9889226497831,-82.2025082349943,30_60,30,60,1.77908658,GIW,AJ
3_34,29.9888448252212,-82.202607476717,30_60,30,60,1.77908658,GIW,AJ
3_34,29.9887042762311,-82.2024063110433,30_60,30,60,1.77908658,GIW,AJ
3_34,29.9887489963859,-82.2022976815901,30_60,30,60,1.77908658,GIW,AJ
3_34,29.9889226497831,-82.2025082349943,0_30,0,30,0.490227492,GIW,AJ
3_34,29.9888448252212,-82.202607476717,0_30,0,30,0.490227492,GIW,AJ
3_34,29.9887042762311,-82.2024063110433,0_30,0,30,0.490227492,GIW,AJ
3_34,29.9887489963859,-82.2022976815901,0_30,0,30,0.490227492,GIW,AJ
3_34,29.9889226497831,-82.2025082349943,30_60,30,60,0.748889163,GIW,AJ
3_34,29.9888448252212,-82.202607476717,30_60,30,60,0.748889163,GIW,AJ
3_34,29.9887042762311,-82.2024063110433,30_60,30,60,0.748889163,GIW,AJ
3_34,29.9887489963859,-82.2022976815901,30_60,30,60,0.748889163,GIW,AJ
3_34,29.9889226497831,-82.2025082349943,0_30,0,30,0.393832237,GIW,AJ
3_34,29.9888448252212,-82.202607476717,0_30,0,30,0.393832237,GIW,AJ
3_34,29.9887042762311,-82.2024063110433,0_30,0,30,0.393832237,GIW,AJ
3_34,29.9887489963859,-82.2022976815901,0_30,0,30,0.393832237,GIW,AJ
3_34,29.9889226497831,-82.2025082349943,30_60,30,60,0.564406742,GIW,AJ
3_34,29.9888448252212,-82.202607476717,30_60,30,60,0.564406742,GIW,AJ
3_34,29.9887042762311,-82.2024063110433,30_60,30,60,0.564406742,GIW,AJ
3_34,29.9887489963859,-82.2022976815901,30_60,30,60,0.564406742,GIW,AJ
3_34,29.9889226497831,-82.2025082349943,0_30,0,30,1.551089058,GIW,AJ
3_34,29.9888448252212,-82.202607476717,0_30,0,30,1.551089058,GIW,AJ
3_34,29.9887042762311,-82.2024063110433,0_30,0,30,1.551089058,GIW,AJ
3_34,29.9887489963859,-82.2022976815901,0_30,0,30,1.551089058,GIW,AJ
3_34,29.9889226497831,-82.2025082349943,30_60,30,60,1.404752311,GIW,AJ
3_34,29.9888448252212,-82.202607476717,30_60,30,60,1.404752311,GIW,AJ
3_34,29.9887042762311,-82.2024063110433,30_60,30,60,1.404752311,GIW,AJ
3_34,29.9887489963859,-82.2022976815901,30_60,30,60,1.404752311,GIW,AJ
3_311,29.9810846552107,-82.22389694381,0_30,0,30,1.818825392,GIW,AJ
3_311,29.9812554178872,-82.2238560401271,0_30,0,30,1.818825392,GIW,AJ
3_311,29.9812931715005,-82.2237903260134,0_30,0,30,1.818825392,GIW,AJ
3_311,29.9814517365199,-82.2237078480953,0_30,0,30,1.818825392,GIW,AJ
3_311,29.9810846552107,-82.22389694381,30_60,30,60,1.380550771,GIW,AJ
3_311,29.9812554178872,-82.2238560401271,30_60,30,60,1.380550771,GIW,AJ
3_311,29.9812931715005,-82.2237903260134,30_60,30,60,1.380550771,GIW,AJ
3_311,29.9814517365199,-82.2237078480953,30_60,30,60,1.380550771,GIW,AJ
3_311,29.9810846552107,-82.22389694381,0_30,0,30,5.156486849,GIW,AJ
3_311,29.9812554178872,-82.2238560401271,0_30,0,30,5.156486849,GIW,AJ
3_311,29.9812931715005,-82.2237903260134,0_30,0,30,5.156486849,GIW,AJ
3_311,29.9814517365199,-82.2237078480953,0_30,0,30,5.156486849,GIW,AJ
3_311,29.9810846552107,-82.22389694381,30_60,30,60,0.495389768,GIW,AJ
3_311,29.9812554178872,-82.2238560401271,30_60,30,60,0.495389768,GIW,AJ
3_311,29.9812931715005,-82.2237903260134,30_60,30,60,0.495389768,GIW,AJ
3_311,29.9814517365199,-82.2237078480953,30_60,30,60,0.495389768,GIW,AJ
3_311,29.9810846552107,-82.22389694381,0_30,0,30,13.54294439,GIW,AJ
3_311,29.9812554178872,-82.2238560401271,0_30,0,30,13.54294439,GIW,AJ
3_311,29.9812931715005,-82.2237903260134,0_30,0,30,13.54294439,GIW,AJ
3_311,29.9814517365199,-82.2237078480953,0_30,0,30,13.54294439,GIW,AJ
3_311,29.9810846552107,-82.22389694381,30_60,30,60,12.36655084,GIW,AJ
3_311,29.9812554178872,-82.2238560401271,30_60,30,60,12.36655084,GIW,AJ
3_311,29.9812931715005,-82.2237903260134,30_60,30,60,12.36655084,GIW,AJ
3_311,29.9814517365199,-82.2237078480953,30_60,30,60,12.36655084,GIW,AJ
3_311,29.9810846552107,-82.22389694381,0_30,0,30,20.75820789,GIW,AJ
3_311,29.9812554178872,-82.2238560401271,0_30,0,30,20.75820789,GIW,AJ
3_311,29.9812931715005,-82.2237903260134,0_30,0,30,20.75820789,GIW,AJ
3_311,29.9814517365199,-82.2237078480953,0_30,0,30,20.75820789,GIW,AJ
3_311,29.9810846552107,-82.22389694381,30_60,30,60,6.69719077,GIW,AJ
3_311,29.9812554178872,-82.2238560401271,30_60,30,60,6.69719077,GIW,AJ
3_311,29.9812931715005,-82.2237903260134,30_60,30,60,6.69719077,GIW,AJ
3_311,29.9814517365199,-82.2237078480953,30_60,30,60,6.69719077,GIW,AJ
5_161,NA,NA,0_30,0,30,2.917160424,GIW,AJ
5_161,NA,NA,30_60,30,60,0.550554749,GIW,AJ
5_161,NA,NA,0_30,0,30,22.6700721,GIW,AJ
5_161,NA,NA,0_30,0,30,19.4397059,GIW,AJ
5_161,NA,NA,0_30,0,30,7.014267095,GIW,AJ
9_609,29.9256385970709,-82.2411710478629,0_30,0,30,4.321425537,GIW,AJ
9_609,29.9257257695213,-82.2411214270016,0_30,0,30,4.321425537,GIW,AJ
9_609,29.9257937639797,-82.2410537012314,0_30,0,30,4.321425537,GIW,AJ
9_609,29.925843161634,-82.2409933515352,0_30,0,30,4.321425537,GIW,AJ
9_609,29.9256385970709,-82.2411710478629,30_60,30,60,3.416020244,GIW,AJ
9_609,29.9257257695213,-82.2411214270016,30_60,30,60,3.416020244,GIW,AJ
9_609,29.9257937639797,-82.2410537012314,30_60,30,60,3.416020244,GIW,AJ
9_609,29.925843161634,-82.2409933515352,30_60,30,60,3.416020244,GIW,AJ
9_609,29.9256385970709,-82.2411710478629,0_30,0,30,14.10045976,GIW,AJ
9_609,29.9257257695213,-82.2411214270016,0_30,0,30,14.10045976,GIW,AJ
9_609,29.9257937639797,-82.2410537012314,0_30,0,30,14.10045976,GIW,AJ
9_609,29.925843161634,-82.2409933515352,0_30,0,30,14.10045976,GIW,AJ
9_609,29.9256385970709,-82.2411710478629,30_60,30,60,0.985841827,GIW,AJ
9_609,29.9257257695213,-82.2411214270016,30_60,30,60,0.985841827,GIW,AJ
9_609,29.9257937639797,-82.2410537012314,30_60,30,60,0.985841827,GIW,AJ
9_609,29.925843161634,-82.2409933515352,30_60,30,60,0.985841827,GIW,AJ
9_609,29.9256385970709,-82.2411710478629,0_30,0,30,15.5302431,GIW,AJ
9_609,29.9257257695213,-82.2411214270016,0_30,0,30,15.5302431,GIW,AJ
9_609,29.9257937639797,-82.2410537012314,0_30,0,30,15.5302431,GIW,AJ
9_609,29.925843161634,-82.2409933515352,0_30,0,30,15.5302431,GIW,AJ
9_609,29.9256385970709,-82.2411710478629,30_60,30,60,1.041863451,GIW,AJ
9_609,29.9257257695213,-82.2411214270016,30_60,30,60,1.041863451,GIW,AJ
9_609,29.9257937639797,-82.2410537012314,30_60,30,60,1.041863451,GIW,AJ
9_609,29.925843161634,-82.2409933515352,30_60,30,60,1.041863451,GIW,AJ
9_609,29.9256385970709,-82.2411710478629,0_30,0,30,6.963664533,GIW,AJ
9_609,29.9257257695213,-82.2411214270016,0_30,0,30,6.963664533,GIW,AJ
9_609,29.9257937639797,-82.2410537012314,0_30,0,30,6.963664533,GIW,AJ
9_609,29.925843161634,-82.2409933515352,0_30,0,30,6.963664533,GIW,AJ
9_609,29.9256385970709,-82.2411710478629,30_60,30,60,1.018826556,GIW,AJ
9_609,29.9257257695213,-82.2411214270016,30_60,30,60,1.018826556,GIW,AJ
9_609,29.9257937639797,-82.2410537012314,30_60,30,60,1.018826556,GIW,AJ
9_609,29.925843161634,-82.2409933515352,30_60,30,60,1.018826556,GIW,AJ
