Date,Site,WTE,distance.from.stream,qL_m2.sec,well_types,DIC,filename,DOC,ID,DOC_g.m2.day,DIC_g.m2.day,CO2.water_umol.L,CO2_molL,CO2_flux,CO2.water.ppm,CH4.water_umol.L,CH4_molL,CH4_flux,CH4.water.ppm
2024-04-18T00:00:00Z,5GW1,3.454000000000002,4.2672,6.298746797145639e-6,RW,24.1812,BEF_04182024.txt,53.68756,5,11.280285988109306,5.080708669488215,NA,NA,NA,NA,NA,NA,NA,NA
2024-07-11T00:00:00Z,5GW1,4.994000000000002,4.2672,5.582451516296543e-7,RW,11.7233,2024_07_11_Howley_TOC_STREAMS.txt,60.29325,5,1.6446410637153646,0.3197807479652255,NA,NA,NA,NA,NA,NA,NA,NA
2024-07-29T00:00:00Z,5GW1,4.994000000000002,4.2672,2.5667055893192537e-6,RW,12.2043,08012024_Howley_streams_detailed.txt,57.18469,5,8.801516505826624,1.878410950414523,NA,NA,NA,NA,NA,NA,NA,NA
2024-08-30T00:00:00Z,5GW1,4.610000000000002,4.2672,3.354281527563948e-6,RW,18.509099999999997,08302024_Howley_streams_detailed.txt,40.65552,5,3.1019575017920142,1.412217617593344,NA,NA,NA,NA,NA,NA,NA,NA
2024-10-04T00:00:00Z,5GW1,4.619000000000002,4.2672,6.266479080132848e-6,RW,9.248,11152024_Howley_streams_details.txt,54.70382,5,10.734898269170465,1.8147971968555108,NA,NA,NA,NA,NA,NA,NA,NA
2024-11-01T00:00:00Z,5GW1,4.0020000000000024,4.2672,3.731327954257712e-6,RW,1.4369299999999998,11152024_Howley_streams_details.txt,28.098731,5,1.8697833116088656,0.09561811648896625,NA,NA,NA,NA,NA,NA,NA,NA
2025-01-30T00:00:00Z,5GW1,4.579000000000002,4.2672,5.9112568878031105e-6,RW,10.7465,Howley_013025_detailed.txt,33.2795,5,7.172986804053186,2.3162758662166665,634.1772324779497,6.341772324779497e-4,6.014320421875129,13308.43274092075,0.10237052548581414,1.0237052548581415e-7,9.708471236372044e-4,2.1482815580706633
2025-03-12T00:00:00Z,5GW1,4.539000000000002,4.2672,1.138535781196094e-5,RW,NA,Howley_03142025_detailed.txt,31.943,5,18.11492858311127,NA,-12.200004537483323,-1.2200004537483325e-5,-0.3044202886405887,-281.71136762966046,-0.01998687627662185,-1.9986876276621852e-8,-4.987219985418203e-4,-0.46151870134414313
2024-04-18T00:00:00Z,5GW2,4.050999999999998,2.1336,6.298746797145639e-6,RW,26.6084,BEF_04182024.txt,49.32362,5,10.363379143489253,5.590687334011968,NA,NA,NA,NA,NA,NA,NA,NA
2024-05-30T00:00:00Z,5GW2,3.7279999999999984,2.1336,3.209778864709591e-7,RW,34.2415,2024_05_30_Howley_TOC_STREAMS_detailed.txt,53.17943,5,0.2905448946341567,0.18707784212082523,NA,NA,NA,NA,NA,NA,NA,NA
2024-07-11T00:00:00Z,5GW2,4.152999999999999,2.1336,5.582451516296543e-7,RW,15.6749,2024_07_11_Howley_TOC_STREAMS.txt,63.730599999999995,5,1.7384029186553784,0.4275699885083648,NA,NA,NA,NA,NA,NA,NA,NA
2024-07-29T00:00:00Z,5GW2,4.317999999999999,2.1336,2.5667055893192537e-6,RW,16.9181,08012024_Howley_streams_detailed.txt,61.78775,5,9.509991249106868,2.603930114812643,NA,NA,NA,NA,NA,NA,NA,NA
2024-08-30T00:00:00Z,5GW2,4.332999999999998,2.1336,3.354281527563948e-6,RW,19.0752,08302024_Howley_streams_detailed.txt,43.01682999999999,5,3.2821220469400396,1.4554102305955752,NA,NA,NA,NA,NA,NA,NA,NA
2024-10-04T00:00:00Z,5GW2,4.1404999999999985,2.1336,6.266479080132848e-6,RW,10.025,11152024_Howley_streams_details.txt,51.98383,5,10.201136350109582,1.9672731291605212,NA,NA,NA,NA,NA,NA,NA,NA
2024-11-01T00:00:00Z,5GW2,3.7929999999999984,2.1336,3.731327954257712e-6,RW,14.4243,11152024_Howley_streams_details.txt,49.144279999999995,5,3.2702243601333216,0.9598410483960916,NA,NA,NA,NA,NA,NA,NA,NA
2024-12-09T00:00:00Z,5GW2,4.1404999999999985,2.1336,3.485996300937013e-6,RW,26.4234,Howley_12112024_detailed.txt,30.844099999999997,5,1.8480072316178453,1.583143430475552,1025.8394145803509,0.00102583941458035,2.7043545083635654,24166.364084484063,5.704018997798442,5.704018997798441e-6,0.01503713863324111,134.37327313261858
2025-01-10T00:00:00Z,5GW2,3.7429999999999986,2.1336,4.511593448978033e-6,RW,13.2921,Howley_01102025_detailed.txt,43.58539999999999,5,3.617511803489075,1.1032210016004704,1120.288867925594,0.00112028886792559,4.091208545377192,25063.24565291822,20.20893418700653,2.020893418700653e-5,0.07380146907282993,452.1168570124916
2025-01-30T00:00:00Z,5GW2,3.9379999999999984,2.1336,5.9112568878031105e-6,RW,10.7724,Howley_013025_detailed.txt,32.952799999999996,5,7.102570638278934,2.321858292581996,506.9662741415568,5.069662741415569e-4,4.807895111367824,10607.7176451282,0.2312541800317313,2.312541800317313e-7,0.00219313571408792,4.8387420843448306
2025-03-12T00:00:00Z,5GW2,4.227999999999998,2.1336,1.138535781196094e-5,RW,NA,Howley_03142025_detailed.txt,31.8242,5,18.04755690494473,NA,428.77014862411056,4.2877014862411055e-4,10.698875726118828,9872.437913919992,0.40026281829708577,4.002628182970858e-7,0.00998754732457089,9.21605628462917
2025-04-17T00:00:00Z,5GW2,4.157999999999999,2.1336,1.016943918364715e-6,RW,15.4899,Howley_04182025_detailed.txt,39.130399999999995,5,0.7681927149474466,0.3040916610937904,84.99167581966995,8.499167581966995e-5,0.07341502751357518,1973.818499492892,0.2560087499217806,2.560087499217806e-7,2.211380024921657e-4,5.945462326214222
2025-10-10T00:00:00Z,5GW2,3.7879999999999985,2.1336,NA,RW,46.914,BEF_10102025.txt,46.020799999999994,5,NA,NA,NA,NA,NA,NA,NA,NA,NA,NA
2024-04-18T00:00:00Z,5GW3,6.477999999999999,1.2192,6.298746797145639e-6,RW,26.530699999999996,BEF_04182024.txt,79.30329000000002,5,16.662403562351667,5.574361797495201,NA,NA,NA,NA,NA,NA,NA,NA
2024-05-30T00:00:00Z,5GW3,7.197999999999999,1.2192,3.209778864709591e-7,RW,30.3195,2024_05_30_Howley_TOC_STREAMS_detailed.txt,66.68971,5,0.3643580753899104,0.16565006305747004,NA,NA,NA,NA,NA,NA,NA,NA
2024-06-19T00:00:00Z,5GW3,6.217999999999999,1.2192,NA,RW,29.523999999999997,2024_07_11_Howley_TOC_STREAMS.txt,77.24088,5,NA,NA,NA,NA,NA,NA,NA,NA,NA,NA
2024-07-11T00:00:00Z,5GW3,7.012999999999999,1.2192,5.582451516296543e-7,RW,8.123199999999999,2024_07_11_Howley_TOC_STREAMS.txt,64.53763000000001,5,1.7604165715543385,0.22157950166515564,NA,NA,NA,NA,NA,NA,NA,NA
2024-07-29T00:00:00Z,5GW3,7.162999999999999,1.2192,2.5667055893192537e-6,RW,17.029099999999996,08012024_Howley_streams_detailed.txt,86.77579000000001,5,13.355996998342476,2.6210145535347333,NA,NA,NA,NA,NA,NA,NA,NA
2024-08-30T00:00:00Z,5GW3,6.897999999999999,1.2192,3.354281527563948e-6,RW,45.397,08302024_Howley_streams_detailed.txt,80.94724000000001,5,6.176157588621634,3.4637255828692393,NA,NA,NA,NA,NA,NA,NA,NA
2024-10-04T00:00:00Z,5GW3,6.877999999999999,1.2192,6.266479080132848e-6,RW,4.04395,11152024_Howley_streams_details.txt,65.34466,5,12.82302182066138,0.7935714883460039,NA,NA,NA,NA,NA,NA,NA,NA
2024-11-01T00:00:00Z,5GW3,6.077999999999999,1.2192,3.731327954257712e-6,RW,17.373199999999997,11152024_Howley_streams_details.txt,54.91305,5,3.6540975633221016,1.1560706933435227,NA,NA,NA,NA,NA,NA,NA,NA
2024-12-09T00:00:00Z,5GW3,6.647999999999999,1.2192,3.485996300937013e-6,RW,39.477,Howley_12112024_detailed.txt,39.635299999999994,5,2.374727128602967,2.3652426714534607,2998.5951398878115,0.00299859513988781,7.905003619528509,68254.46184604995,-0.29470396891089995,-2.947039689108999e-7,-7.769091298591383e-4,-6.708094912293188
2025-01-10T00:00:00Z,5GW3,6.322999999999999,1.2192,4.511593448978033e-6,RW,5.1891,Howley_01102025_detailed.txt,94.0457,5,7.805628256649993,0.43068620454292406,2537.786370694346,0.00253778637069434,9.267800103514068,60641.05779043898,0.01516366781303053,1.5163667813030532e-8,5.537654538226824e-5,0.36233974095834354
2025-01-30T00:00:00Z,5GW3,6.972999999999999,1.2192,5.9112568878031105e-6,RW,27.0635,Howley_013025_detailed.txt,38.2691,5,8.24843369951447,5.833204476374147,2041.1480271807905,0.00204114802718079,19.357551225824555,43975.553296544625,16.89248307566098,1.689248307566098e-5,0.16020254391844682,363.9404295585224
2025-03-12T00:00:00Z,5GW3,7.254999999999999,1.2192,1.138535781196094e-5,RW,NA,Howley_03142025_detailed.txt,32.1806,5,18.249671939444333,NA,9.532164828069108,9.532164828069108e-6,0.2378510892692717,207.76921354585744,-0.01153406861659415,-1.1534068616594153e-8,-2.878035402918183e-4,-0.2514039998969633
2025-04-17T00:00:00Z,5GW3,6.147999999999999,1.2192,1.016943918364715e-6,RW,30.045699999999997,Howley_04182025_detailed.txt,36.2495,5,0.7116360124222463,0.5898454361697425,885.8185282651825,8.858185282651825e-4,0.7651618937671582,21836.217558857028,5.9445939298419015,5.944593929841902e-6,0.00513488553681832,146.53954755869466
2025-10-10T00:00:00Z,5GW3,6.667999999999999,1.2192,NA,RW,52.907999999999994,BEF_10102025.txt,56.593999999999994,5,NA,NA,NA,NA,NA,NA,NA,NA,NA,NA
2024-04-18T00:00:00Z,5GW4,3.365000000000003,0.3048,6.298746797145639e-6,RW,34.852000000000004,BEF_04182024.txt,69.76838000000001,5,14.659024908695526,7.322749017790817,NA,NA,NA,NA,NA,NA,NA,NA
2024-05-30T00:00:00Z,5GW4,3.8950000000000022,0.3048,3.209778864709591e-7,RW,22.7715,2024_05_30_Howley_TOC_STREAMS_detailed.txt,59.15743,5,0.3232055940836052,0.12441169580346571,NA,NA,NA,NA,NA,NA,NA,NA
2024-07-11T00:00:00Z,5GW4,4.765000000000002,0.3048,5.582451516296543e-7,RW,32.2139,2024_07_11_Howley_TOC_STREAMS.txt,62.35566,5,1.700898176679373,0.8787103492085826,NA,NA,NA,NA,NA,NA,NA,NA
2024-07-29T00:00:00Z,5GW4,4.355000000000002,0.3048,2.5667055893192537e-6,RW,32.27310000000001,08012024_Howley_streams_detailed.txt,70.27651,5,10.81652908736394,4.96727747136853,NA,NA,NA,NA,NA,NA,NA,NA
2024-08-30T00:00:00Z,5GW4,4.025000000000002,0.3048,3.354281527563948e-6,RW,39.107,08302024_Howley_streams_detailed.txt,85.90898,5,6.554731189818752,2.9838076606222295,NA,NA,NA,NA,NA,NA,NA,NA
2024-10-04T00:00:00Z,5GW4,3.3750000000000027,0.3048,6.266479080132848e-6,RW,2.71824,11152024_Howley_streams_details.txt,63.342029999999994,5,12.430032275858313,0.5334185047989322,NA,NA,NA,NA,NA,NA,NA,NA
2024-11-01T00:00:00Z,5GW4,3.0450000000000026,0.3048,3.731327954257712e-6,RW,9.6698,11152024_Howley_streams_details.txt,69.94772,5,4.654554668005814,0.6434607550994175,NA,NA,NA,NA,NA,NA,NA,NA
2024-12-09T00:00:00Z,5GW4,3.8950000000000022,0.3048,3.485996300937013e-6,RW,21.3026,Howley_12112024_detailed.txt,56.4158,5,3.3801215265644338,1.276333524150885,1791.2552593702387,0.00179125525937023,4.722171099547298,42802.50495284152,6.069931257128015,6.069931257128015e-6,0.01600176960190811,145.04256796319
2025-01-10T00:00:00Z,5GW4,4.4250000000000025,0.3048,4.511593448978033e-6,RW,40.069,Howley_01102025_detailed.txt,46.82269999999999,5,3.886202029148015,3.3256567670367554,2448.142814836114,0.00244814281483611,8.940428751119663,56854.85702831373,7.095760030765171,7.095760030765171e-6,0.02591316838447821,164.78957829238547
2025-01-30T00:00:00Z,5GW4,4.070000000000002,0.3048,5.9112568878031105e-6,RW,23.781599999999997,Howley_013025_detailed.txt,41.357899999999994,5,8.914186539561928,5.125831306938843,1732.8339505306828,0.00173283395053068,16.43360575351088,39329.76400683788,3.0338775235732407,3.0338775235732407e-6,0.02877225894123992,68.85927355661681
2025-03-12T00:00:00Z,5GW4,4.236000000000002,0.3048,1.138535781196094e-5,RW,NA,Howley_03142025_detailed.txt,45.040699999999994,5,25.542656100971715,NA,11.815873376676723,1.1815873376676723e-5,0.29483526607036664,279.94468409695094,0.01397670689116347,1.3976706891163472e-8,3.487534068516493e-4,0.33113970255349023
2025-04-17T00:00:00Z,5GW4,3.615000000000003,0.3048,1.016943918364715e-6,RW,20.595899999999997,Howley_04182025_detailed.txt,50.327299999999994,5,0.9880058783701324,0.40433065692622905,1536.9175359035069,0.0015369175359035,1.3275752254121196,37993.32837855974,5.574921722510794,5.574921722510794e-6,0.00481556608570172,137.81470166101136
2025-10-10T00:00:00Z,5GW4,3.9250000000000025,0.3048,NA,RW,32.9798,BEF_10102025.txt,51.75289999999999,5,NA,NA,NA,NA,NA,NA,NA,NA,NA,NA
2024-04-18T00:00:00Z,5GW5,2.9340000000000006,4.8768,6.298746797145639e-6,RW,23.419,BEF_04182024.txt,74.84968,5,15.726656166129832,4.920562930323744,NA,NA,NA,NA,NA,NA,NA,NA
2024-05-30T00:00:00Z,5GW5,3.3240000000000007,4.8768,3.209778864709591e-7,RW,26.5788,2024_05_30_Howley_TOC_STREAMS_detailed.txt,64.05939000000001,5,0.3499873676321531,0.1452128134036473,NA,NA,NA,NA,NA,NA,NA,NA
2024-06-19T00:00:00Z,5GW5,2.9240000000000004,4.8768,NA,RW,30.5933,2024_07_11_Howley_TOC_STREAMS.txt,72.0998,5,NA,NA,NA,NA,NA,NA,NA,NA,NA,NA
2024-07-11T00:00:00Z,5GW5,3.8640000000000008,4.8768,5.582451516296543e-7,RW,16.884800000000002,2024_07_11_Howley_TOC_STREAMS.txt,76.91209,5,2.0979592493383894,0.460572873955562,NA,NA,NA,NA,NA,NA,NA,NA
2024-07-29T00:00:00Z,5GW5,4.064000000000001,4.8768,2.5667055893192537e-6,RW,9.1666,08012024_Howley_streams_detailed.txt,87.3437,5,13.44340621991601,1.410866810719973,NA,NA,NA,NA,NA,NA,NA,NA
2024-08-30T00:00:00Z,5GW5,3.7440000000000007,4.8768,3.354281527563948e-6,RW,23.9148,08302024_Howley_streams_detailed.txt,80.05054000000001,5,6.1077406727426355,1.8246647260656277,NA,NA,NA,NA,NA,NA,NA,NA
2024-10-04T00:00:00Z,5GW5,3.0040000000000004,4.8768,6.266479080132848e-6,RW,1.50575,11152024_Howley_streams_details.txt,73.2954,5,14.383248968685493,0.2954834428163047,NA,NA,NA,NA,NA,NA,NA,NA
2024-11-01T00:00:00Z,5GW5,3.4940000000000007,4.8768,3.731327954257712e-6,RW,11.290399999999998,11152024_Howley_streams_details.txt,72.42859,5,4.819640035180264,0.7513008861997623,NA,NA,NA,NA,NA,NA,NA,NA
2024-12-09T00:00:00Z,5GW5,3.444000000000001,4.8768,3.485996300937013e-6,RW,29.908800000000003,Howley_12112024_detailed.txt,41.77369999999999,5,2.5028481846263753,1.7919692482196536,3205.018508051923,0.00320501850805192,8.449184276258851,77239.58277104216,2.5322954247251084,2.5322954247251083e-6,0.00667572765388941,61.02724260948875
2025-01-10T00:00:00Z,5GW5,3.624000000000001,4.8768,4.511593448978033e-6,RW,26.7342,Howley_01102025_detailed.txt,46.9118,5,3.893597172973492,2.218891740280866,2613.036192534417,0.00261303619253441,9.54260664936529,59649.471051607994,0.6709386169629346,6.709386169629346e-7,0.00245021608420072,15.315950741240773
2025-01-30T00:00:00Z,5GW5,3.7440000000000007,4.8768,5.9112568878031105e-6,RW,22.6716,Howley_013025_detailed.txt,50.0303,5,10.783415667387493,4.886584462710444,1257.7254592334318,0.00125772545923343,11.927838981262882,27334.656012174077,0.9368063851186637,9.368063851186636e-7,0.00888435201520435,20.35999199923508
2025-03-12T00:00:00Z,5GW5,3.9850000000000008,4.8768,1.138535781196094e-5,RW,NA,Howley_03142025_detailed.txt,56.4158,5,31.993494285417416,NA,34.08922506558685,3.408922506558685e-5,0.8506104815056612,758.2553759859422,-0.01047782619501286,-1.047782619501286e-8,-2.614476793686271e-4,-0.2330609753002333
2025-04-17T00:00:00Z,5GW5,3.4640000000000004,4.8768,1.016943918364715e-6,RW,32.5543,Howley_04182025_detailed.txt,50.7728,5,0.9967517602039262,0.6390932906439407,154.3336523578162,1.543336523578162e-4,0.13331198879005257,3804.462315930928,0.703930609621074,7.03930609621074e-7,6.080487833023597e-4,17.352517979193866
2025-10-10T00:00:00Z,5GW5,3.4940000000000007,4.8768,NA,RW,34.1083,BEF_10102025.txt,70.22630000000001,5,NA,NA,NA,NA,NA,NA,NA,NA,NA,NA
2024-04-18T00:00:00Z,5GW6,2.383,7.62,6.298746797145639e-6,RW,33.52739999999999,BEF_04182024.txt,120.16292,5,25.247414908896943,7.044437490504985,NA,NA,NA,NA,NA,NA,NA,NA
2024-05-30T00:00:00Z,5GW6,2.7030000000000003,7.62,3.209778864709591e-7,RW,26.2976,2024_05_30_Howley_TOC_STREAMS_detailed.txt,78.79516,5,0.4304959917750438,0.14367648207457656,NA,NA,NA,NA,NA,NA,NA,NA
2024-07-11T00:00:00Z,5GW6,3.463,7.62,5.582451516296543e-7,RW,14.846099999999998,2024_07_11_Howley_TOC_STREAMS.txt,66.09191000000001,5,1.80281323639678,0.4049625073457587,NA,NA,NA,NA,NA,NA,NA,NA
2024-07-29T00:00:00Z,5GW6,3.54,7.62,2.5667055893192537e-6,RW,26.7305,08012024_Howley_streams_detailed.txt,79.36307000000001,5,12.215076632540526,4.114194497845465,NA,NA,NA,NA,NA,NA,NA,NA
2024-08-30T00:00:00Z,5GW6,NA,7.62,3.354281527563948e-6,RW,NA,NA,NA,NA,NA,NA,NA,NA,NA,NA,NA,NA,NA,NA
2024-10-04T00:00:00Z,5GW6,2.483,7.62,6.266479080132848e-6,RW,1.5660600000000002,11152024_Howley_streams_details.txt,103.66364000000002,5,20.34261281226631,0.307318479466646,NA,NA,NA,NA,NA,NA,NA,NA
2024-11-01T00:00:00Z,5GW6,2.263,7.62,3.731327954257712e-6,RW,NA,NA,NA,NA,NA,NA,NA,NA,NA,NA,NA,NA,NA,NA
2024-12-09T00:00:00Z,5GW6,2.7880000000000003,7.62,3.485996300937013e-6,RW,32.299,Howley_12112024_detailed.txt,60.395599999999995,5,3.618569047496887,1.9351767622989415,1670.3134561234824,0.00167031345612348,4.403339997708828,41058.74496189952,27.577223784909513,2.7577223784909515e-5,0.07270006241803403,677.8884490158365
2025-01-10T00:00:00Z,5GW6,2.898,7.62,4.511593448978033e-6,RW,41.474999999999994,Howley_01102025_detailed.txt,41.65489999999999,5,3.4572836872704413,3.442352302599251,NA,NA,NA,NA,NA,NA,NA,NA
2025-01-30T00:00:00Z,5GW6,3.168,7.62,5.9112568878031105e-6,RW,13.791599999999995,Howley_013025_detailed.txt,68.8007,5,14.829144464598992,2.972609708883243,1272.727958915387,0.00127272795891538,12.0701175677454,28146.31527017037,1.7552432775666271,1.755243277566627e-6,0.01664612816259538,38.817117452451505
2025-03-12T00:00:00Z,5GW6,3.4930000000000003,7.62,1.138535781196094e-5,RW,NA,Howley_03142025_detailed.txt,76.7009,5,43.49720833235322,NA,51.91334088875119,5.19133408887512e-5,1.295366257372797,1215.9984852320767,0.6082830211733965,6.082830211733965e-7,0.01517816590246721,14.248191691695125
2025-04-17T00:00:00Z,5GW6,3.623,7.62,1.016943918364715e-6,RW,27.4853,Howley_04182025_detailed.txt,96.4217,5,1.8929131187733377,0.5395806643465196,NA,NA,NA,NA,NA,NA,NA,NA
2025-10-10T00:00:00Z,5GW6,2.9930000000000003,7.62,NA,RW,29.08,BEF_10102025.txt,72.8993,5,NA,NA,NA,NA,NA,NA,NA,NA,NA,NA
2024-07-11T00:00:00Z,5GW7,NA,NA,NA,RW,13.5881,2024_07_11_Howley_TOC_STREAMS.txt,63.90994,5,NA,NA,NA,NA,NA,NA,NA,NA,NA,NA
2024-08-30T00:00:00Z,5GW7,NA,NA,NA,RW,18.2538,08302024_Howley_streams_detailed.txt,37.81597,5,NA,NA,NA,NA,NA,NA,NA,NA,NA,NA
2024-10-04T00:00:00Z,5GW7,NA,NA,NA,RW,10.7206,11152024_Howley_streams_details.txt,52.402289999999994,5,NA,NA,NA,NA,NA,NA,NA,NA,NA,NA
2024-11-01T00:00:00Z,5GW7,NA,NA,NA,RW,6.5692,11152024_Howley_streams_details.txt,52.61152,5,NA,NA,NA,NA,NA,NA,NA,NA,NA,NA
2024-12-09T00:00:00Z,5GW7,NA,NA,NA,RW,37.0979,Howley_12112024_detailed.txt,12.822139999999996,5,NA,NA,2374.255584669565,0.00237425558466956,NA,55772.599798854506,11.844661076903064,1.1844661076903063e-5,NA,278.2377542926252
2025-01-30T00:00:00Z,5GW7,NA,NA,NA,RW,18.664499999999997,Howley_013025_detailed.txt,74.1764,5,NA,NA,NA,NA,NA,NA,NA,NA,NA,NA
2025-03-12T00:00:00Z,5GW7,NA,NA,NA,RW,NA,NA,NA,NA,NA,NA,NA,NA,NA,NA,NA,NA,NA,NA
2024-04-18T00:00:00Z,6GW1,1.5649999999999968,0.3048,7.242224992739373e-7,RW,10.9796,BEF_04182024.txt,73.08617000000001,6,13.278865907519942,1.9948594394562735,NA,NA,NA,NA,NA,NA,NA,NA
2024-07-29T00:00:00Z,6GW1,2.2049999999999965,0.3048,4.587271840825663e-8,RW,11.6345,08012024_Howley_streams_detailed.txt,97.05795,6,0.9772388974465174,0.1171432731923712,NA,NA,NA,NA,NA,NA,NA,NA
2024-08-30T00:00:00Z,6GW1,2.7249999999999965,0.3048,4.571132562087798e-6,RW,NA,NA,NA,NA,NA,NA,NA,NA,NA,NA,NA,NA,NA,NA
2024-11-01T00:00:00Z,6GW1,2.1949999999999967,0.3048,1.755897263660677e-6,RW,8.552399999999999,11152024_Howley_streams_details.txt,33.90038,6,13.265281370495767,3.346569932048785,NA,NA,NA,NA,NA,NA,NA,NA
2025-01-10T00:00:00Z,6GW1,1.9549999999999963,0.3048,2.916339940596736e-7,RW,14.3355,Howley_01102025_detailed.txt,34.7348,6,9.027408796412262,3.725728053737692,1756.092343190462,0.00175609234319046,20.081600945279984,42321.07850693748,0.0113366279605097,1.13366279605097e-8,1.2963876281952893e-4,0.2732079117485441
2025-01-30T00:00:00Z,6GW1,2.244999999999997,0.3048,8.911689923191822e-7,RW,10.136,Howley_013025_detailed.txt,48.78289999999999,6,7.31171616881723,1.5192117542649464,1036.1376471859596,0.00103613764718595,6.833163938064205,22980.53082265437,3.7809300202772897,3.78093002027729e-6,0.02493463560277942,83.85737078973966
2025-03-12T00:00:00Z,6GW1,2.1679999999999966,0.3048,2.883912242958028e-6,RW,NA,Howley_03142025_detailed.txt,52.2578,6,22.424724520961668,NA,293.2185636030563,2.932185636030563e-4,5.53630659121025,7086.498539253957,0.26482962659832593,2.648296265983259e-7,0.00500029053163528,6.400395455796599
2025-04-17T00:00:00Z,6GW1,1.5949999999999966,0.3048,1.4726010958148254e-7,RW,8.0159,Howley_04182025_detailed.txt,52.049899999999994,6,3.658225509613918,0.5633818674486255,113.66427701904443,1.1366427701904444e-4,0.3515015502394284,2786.158901589464,5.151208245671049,5.151208245671049e-6,0.01592987463999902,126.26732940211946
2024-04-18T00:00:00Z,6GW2,11.067,2.4384,7.242224992739373e-7,RW,11.949,BEF_04182024.txt,62.29588,6,11.31840178669854,2.170987599007524,NA,NA,NA,NA,NA,NA,NA,NA
2024-05-30T00:00:00Z,6GW2,NA,2.4384,6.2428448190443565e-9,RW,NA,NA,NA,NA,NA,NA,NA,NA,NA,NA,NA,NA,NA,NA
2024-07-11T00:00:00Z,6GW2,10.637,2.4384,2.4607671824186753e-8,RW,11.8676,2024_07_11_Howley_TOC_STREAMS.txt,45.31836,6,0.6697374699157662,0.17538534929270053,NA,NA,NA,NA,NA,NA,NA,NA
2024-07-29T00:00:00Z,6GW2,11.867,2.4384,4.587271840825663e-8,RW,9.0963,08012024_Howley_streams_detailed.txt,35.99268,6,0.3623963510392021,0.09158712071337544,NA,NA,NA,NA,NA,NA,NA,NA
2024-08-30T00:00:00Z,6GW2,11.127,2.4384,4.571132562087798e-6,RW,29.8977,08302024_Howley_streams_detailed.txt,47.201429999999995,6,24.200586037697896,15.328812308849123,NA,NA,NA,NA,NA,NA,NA,NA
2024-10-04T00:00:00Z,6GW2,11.097,2.4384,8.878591890731023e-6,RW,1.57938,11152024_Howley_streams_details.txt,25.444498999999997,6,30.351118405554843,1.883941569742254,NA,NA,NA,NA,NA,NA,NA,NA
2024-11-01T00:00:00Z,6GW2,11.057,2.4384,1.755897263660677e-6,RW,8.5598,11152024_Howley_streams_details.txt,30.16413,6,11.8032798377544,3.3494655657302266,NA,NA,NA,NA,NA,NA,NA,NA
2024-12-09T00:00:00Z,6GW2,10.357,2.4384,3.7923178237144713e-7,RW,23.7483,Howley_12112024_detailed.txt,26.99201,6,8.344886919286514,7.342057076345626,1503.1938107747255,0.00150319381077472,20.44809646344248,37264.47770768472,23.019524432365117,2.3019524432365116e-5,0.3131369040782424,570.658652864776
2025-01-10T00:00:00Z,6GW2,9.397,2.4384,2.916339940596736e-7,RW,13.5548,Howley_01102025_detailed.txt,28.46216,6,7.397179587874215,3.522827848544081,796.389627988279,7.96389627988279e-4,9.107026044635544,19192.65128562047,3.0655657414681072,3.0655657414681073e-6,0.03505594004233241,73.87883041340649
2025-01-30T00:00:00Z,6GW2,11.102,2.4384,8.911689923191822e-7,RW,14.8498,Howley_013025_detailed.txt,42.24889999999999,6,6.332382151219839,2.2257291543492106,1302.22208808188,0.00130222208808188,8.587948749665264,28965.65988566646,1.1949263127935663,1.1949263127935665e-6,0.0078803500783903,26.579052437817076
2025-03-12T00:00:00Z,6GW2,11.122,2.4384,2.883912242958028e-6,RW,NA,Howley_03142025_detailed.txt,38.2691,6,16.42193175306144,NA,168.28412971727477,1.6828412971727475e-4,3.177399565366802,3908.174832459825,0.27741684982101444,2.774168498210145e-7,0.00523795190626483,6.442636940228837
2025-04-17T00:00:00Z,6GW2,9.912,2.4384,1.4726010958148254e-7,RW,11.246,Howley_04182025_detailed.txt,41.80339999999999,6,2.9380702800311704,0.7904031339372051,283.0669884770816,2.830669884770816e-4,0.8753716460504969,6919.018129851136,0.7332960288895803,7.332960288895804e-7,0.002267684251367,17.923985222479015
2024-04-18T00:00:00Z,6GW3,-0.8580000000000014,7.9248,7.242224992739373e-7,RW,24.188599999999997,BEF_04182024.txt,104.26144,6,18.943032328618887,4.394773674563009,NA,NA,NA,NA,NA,NA,NA,NA
2024-05-30T00:00:00Z,6GW3,-0.6330000000000016,7.9248,6.2428448190443565e-9,RW,12.2191,2024_05_30_Howley_TOC_STREAMS_detailed.txt,73.86331000000001,6,0.9900723017421053,0.16378622163313497,NA,NA,NA,NA,NA,NA,NA,NA
2024-07-29T00:00:00Z,6GW3,0.5019999999999984,7.9248,4.587271840825663e-8,RW,14.002499999999998,08012024_Howley_streams_detailed.txt,48.30736,6,0.4863880931438589,0.14098574780834394,NA,NA,NA,NA,NA,NA,NA,NA
2024-08-30T00:00:00Z,6GW3,0.01199999999999845,7.9248,4.571132562087798e-6,RW,14.6426,08302024_Howley_streams_detailed.txt,30.79182,6,15.78723545382644,7.507389100618248,NA,NA,NA,NA,NA,NA,NA,NA
2024-10-04T00:00:00Z,6GW3,-0.7830000000000015,7.9248,8.878591890731023e-6,RW,3.35501,11152024_Howley_streams_details.txt,45.22868999999999,6,53.950416768596384,4.001977235308133,NA,NA,NA,NA,NA,NA,NA,NA
2024-11-01T00:00:00Z,6GW3,-0.9380000000000016,7.9248,1.755897263660677e-6,RW,5.1299,11152024_Howley_streams_details.txt,48.75571,6,19.078199464675446,2.007339354382053,NA,NA,NA,NA,NA,NA,NA,NA
2024-12-09T00:00:00Z,6GW3,-0.48800000000000154,7.9248,3.7923178237144713e-7,RW,8.1898,Howley_12112024_detailed.txt,42.51619999999999,6,13.144366841808711,2.531969827055217,681.1324049623578,6.811324049623578e-4,9.26551255148438,17561.03102565797,11.694870452066688,1.1694870452066688e-5,0.15908649797332153,301.51844392301905
2025-01-10T00:00:00Z,6GW3,0.3819999999999985,7.9248,2.916339940596736e-7,RW,10.5282,Howley_01102025_detailed.txt,44.2388,6,11.497453051772942,2.736228948788753,288.93551194636393,2.889355119463639e-4,3.304090284503765,7162.769608753626,37.310517671794805,3.731051767179481e-5,0.4266603233321755,924.935257234863
2025-01-30T00:00:00Z,6GW3,-0.7980000000000016,7.9248,8.911689923191822e-7,RW,11.7418,Howley_013025_detailed.txt,38.150299999999994,6,5.718072631090566,1.7598935059420031,645.4875356438617,6.454875356438618e-4,4.25688822620298,15249.56486149258,2.496777452549866,2.4967774525498657e-6,0.01646585248250666,58.986064958469754
2025-03-12T00:00:00Z,6GW3,0.17199999999999843,7.9248,2.883912242958028e-6,RW,NA,Howley_03142025_detailed.txt,39.249199999999995,6,16.842509590302853,NA,180.49390204239245,1.8049390204239244e-4,3.4079342292369748,4191.730536680169,0.2834551659873355,2.834551659873355e-7,0.00535196231945501,6.582868792818255
2025-04-17T00:00:00Z,6GW3,-0.1880000000000015,7.9248,1.4726010958148254e-7,RW,14.2208,Howley_04182025_detailed.txt,39.0413,6,2.7439414790132135,0.9994811388132852,21.128050641450375,2.1128050641450375e-5,0.06533752511145291,523.7686361477131,0.01053898714980288,1.053898714980288e-8,3.259133316343924e-5,0.26126361676741994
2025-10-10T00:00:00Z,6GW3,-1.1580000000000017,7.9248,NA,RW,4.16087,BEF_10102025.txt,30.844099999999997,6,NA,NA,NA,NA,NA,NA,NA,NA,NA,NA
2024-04-18T00:00:00Z,6GW4,-0.5400000000000034,1.524,7.242224992739373e-7,RW,11.5235,BEF_04182024.txt,77.71912,6,14.120616430310292,2.0936794373724337,NA,NA,NA,NA,NA,NA,NA,NA
2024-07-11T00:00:00Z,6GW4,-0.6300000000000034,1.524,2.4607671824186753e-8,RW,16.166999999999998,2024_07_11_Howley_TOC_STREAMS.txt,73.50463,6,1.0862883150073066,0.23892404041382329,NA,NA,NA,NA,NA,NA,NA,NA
2024-07-29T00:00:00Z,6GW4,-1.500000000000003,1.524,4.587271840825663e-8,RW,11.283,08012024_Howley_streams_detailed.txt,45.31836,6,0.4562930101087479,0.11360415586656278,NA,NA,NA,NA,NA,NA,NA,NA
2024-08-30T00:00:00Z,6GW4,-0.3800000000000034,1.524,4.571132562087798e-6,RW,33.290600000000005,08302024_Howley_streams_detailed.txt,52.64141,6,26.98971136787022,17.068381816961598,NA,NA,NA,NA,NA,NA,NA,NA
2024-10-04T00:00:00Z,6GW4,-0.3900000000000034,1.524,8.878591890731023e-6,RW,1.42879,11152024_Howley_streams_details.txt,24.90349,6,29.70578330905832,1.704312372850128,NA,NA,NA,NA,NA,NA,NA,NA
2024-11-01T00:00:00Z,6GW4,-0.5460000000000034,1.524,1.755897263660677e-6,RW,15.785899999999998,11152024_Howley_streams_details.txt,33.63137,6,13.160017260138387,6.1770518556579335,NA,NA,NA,NA,NA,NA,NA,NA
2024-12-09T00:00:00Z,6GW4,-0.7500000000000034,1.524,3.7923178237144713e-7,RW,13.3587,Howley_12112024_detailed.txt,57.811699999999995,6,17.87314464953577,4.129994057081068,906.898367582054,9.06898367582054e-4,12.33662962815078,22864.453376036272,2.644457209282722,2.6444572092827217e-6,0.03597281715854719,66.67127290985795
2025-01-10T00:00:00Z,6GW4,-0.9600000000000034,1.524,2.916339940596736e-7,RW,12.6779,Howley_01102025_detailed.txt,57.455299999999994,6,14.932358344383886,3.2949257223313513,853.6182873025479,8.536182873025479e-4,9.761458087141117,20166.628664939115,1.403614139138763,1.4036141391387632e-6,0.016050875190383,33.16021406045285
2025-01-30T00:00:00Z,6GW4,-0.4050000000000034,1.524,8.911689923191822e-7,RW,11.6493,Howley_013025_detailed.txt,40.88269999999999,6,6.1276123111767475,1.7460293497394082,1028.0523935191125,0.00102805239351911,6.7798429686578245,23066.18094599428,3.3831581321906317,3.383158132190632e-6,0.02231139290077803,75.90716011943256
2025-03-12T00:00:00Z,6GW4,-0.3400000000000034,1.524,2.883912242958028e-6,RW,NA,Howley_03142025_detailed.txt,42.7835,6,18.359138760961297,NA,22.169916340047703,2.2169916340047705e-5,0.4185937358527684,519.2997450306916,0.01376589884946876,1.376589884946876e-8,2.599161376338354e-4,0.3224472141888128
2025-04-17T00:00:00Z,6GW4,-0.6150000000000034,1.524,1.4726010958148254e-7,RW,8.322999999999999,Howley_04182025_detailed.txt,56.2376,6,3.9525498208346934,0.5849657908375738,293.2821860293327,2.932821860293327e-4,0.9069616747718044,7148.4756638179715,0.36595699784614055,3.659569978461406e-7,0.00113170518862608,8.919855407942773
2025-10-10T00:00:00Z,6GW4,-2.020000000000003,1.524,NA,RW,9.155499999999998,BEF_10102025.txt,29.20169,6,NA,NA,NA,NA,NA,NA,NA,NA,NA,NA
2024-04-18T00:00:00Z,9GW1,-0.29000000000000004,0.3048,4.636318844522382e-7,RW,13.8656,BEF_04182024.txt,118.93743,9,2.2854372061755734,0.2664338562380911,NA,NA,NA,NA,NA,NA,NA,NA
2024-05-30T00:00:00Z,9GW1,-0.75,0.3048,NA,RW,6.1880999999999995,2024_05_30_Howley_TOC_STREAMS_detailed.txt,97.59597,9,NA,NA,NA,NA,NA,NA,NA,NA,NA,NA
2024-07-29T00:00:00Z,9GW1,-0.28,0.3048,4.5599474586569365e-8,RW,12.9998,08012024_Howley_streams_detailed.txt,120.46182,9,0.22273067531098703,0.02403628164432323,NA,NA,NA,NA,NA,NA,NA,NA
2024-08-30T00:00:00Z,9GW1,-0.16000000000000003,0.3048,3.3575473669989688e-6,RW,33.7605,08302024_Howley_streams_detailed.txt,182.15478,9,24.12190215311888,4.470744482469085,NA,NA,NA,NA,NA,NA,NA,NA
2024-11-01T00:00:00Z,9GW1,-0.278,0.3048,1.6422167389737985e-6,RW,9.1259,11152024_Howley_streams_details.txt,120.43193,9,8.077111920692879,0.6120545911458128,NA,NA,NA,NA,NA,NA,NA,NA
2024-12-09T00:00:00Z,9GW1,-0.35,0.3048,3.139182957509885e-7,RW,11.3496,Howley_12112024_detailed.txt,95.3525,9,1.3503656986779395,0.16073108239128645,1195.2604686107693,0.00119526046861076,0.7447912164138216,26433.12558966647,-0.04427607931422745,-4.427607931422745e-8,-2.7589329553253145e-5,-0.9791632835404416
2025-01-10T00:00:00Z,9GW1,-0.495,0.3048,3.486105369574402e-7,RW,10.2618,Howley_01102025_detailed.txt,90.8678,9,1.421467991963946,0.1605279344271086,671.1647708636041,6.711647708636041e-4,0.4619648161518478,14084.629270295243,32.77560462768254,3.277560462768254e-5,0.02255955142968916,687.807614956739
2025-01-30T00:00:00Z,9GW1,-0.28500000000000003,0.3048,6.946583343366665e-7,RW,15.3567,Howley_013025_detailed.txt,102.3617,9,2.865278151594262,0.42986016244931075,1519.2589354212162,0.00151925893542121,1.8711722754524185,32069.498571851153,32.320280782420184,3.2320280782420185e-5,0.0398067846927851,682.2373554816598
2025-03-12T00:00:00Z,9GW1,-0.118,0.3048,2.283457084000187e-6,RW,NA,Howley_03142025_detailed.txt,107.4404,9,9.58122575455488,NA,21.433859086321338,2.1433859086321337e-5,0.08410203497645144,487.880640424057,-3.2183147944845844e-4,-3.2183147944845845e-10,-1.2628002373296736e-6,-0.00732557528112796
2025-04-17T00:00:00Z,9GW1,-0.625,0.3048,2.8212950152285883e-8,RW,6.4212,Howley_04182025_detailed.txt,57.84139999999999,9,0.07064464380942155,0.00784253816175019,17.368795548782206,1.7368795548782206e-5,9.33389311072432e-4,418.580584808822,-0.01081800980423224,-1.0818009804232241e-8,-5.813537668738991e-7,-0.26070943477946534
2024-04-18T00:00:00Z,9GW2,2.5999999999999996,1.524,4.636318844522382e-7,RW,19.1973,BEF_04182024.txt,117.80161,9,2.2636119045231133,0.36888491434626025,NA,NA,NA,NA,NA,NA,NA,NA
2024-07-11T00:00:00Z,9GW2,3.4799999999999995,1.524,NA,RW,32.3286,2024_07_11_Howley_TOC_STREAMS.txt,101.12299000000002,9,NA,NA,NA,NA,NA,NA,NA,NA,NA,NA
2024-07-29T00:00:00Z,9GW2,2.84,1.524,4.5599474586569365e-8,RW,14.157899999999998,08012024_Howley_streams_detailed.txt,105.54671,9,0.195153036830698,0.02617757749289711,NA,NA,NA,NA,NA,NA,NA,NA
2024-08-30T00:00:00Z,9GW2,3.03,1.524,3.3575473669989688e-6,RW,46.026,08302024_Howley_streams_detailed.txt,138.84417,9,18.386481448749265,6.095007051143262,NA,NA,NA,NA,NA,NA,NA,NA
2024-11-01T00:00:00Z,9GW2,2.8739999999999997,1.524,1.6422167389737985e-6,RW,16.6332,11152024_Howley_streams_details.txt,109.67153,9,7.355434911020914,1.1155531427526637,NA,NA,NA,NA,NA,NA,NA,NA
2024-12-09T00:00:00Z,9GW2,2.78,1.524,3.139182957509885e-7,RW,21.1361,Howley_12112024_detailed.txt,97.7285,9,1.3840142018641042,0.299325811529082,1421.5118835116657,0.00142151188351166,0.8857730952132125,36445.58015344285,23.223038621796547,2.3223038621796548e-5,0.01447074979736945,595.4062891168501
2025-01-30T00:00:00Z,9GW2,2.9299999999999997,1.524,6.946583343366665e-7,RW,22.5384,Howley_013025_detailed.txt,91.937,9,2.573473060950743,0.6308881651232063,2712.022356050026,0.00271202235605002,3.3402212912711953,62087.12237869354,2.3018206825302223,2.3018206825302223e-6,0.00283500260804414,52.696255283902104
2025-03-12T00:00:00Z,9GW2,3.0479999999999996,1.524,2.283457084000187e-6,RW,NA,Howley_03142025_detailed.txt,112.8161,9,10.060615214094874,NA,20.037222832097495,2.0037222832097495e-5,0.07862192284969616,481.5209601654387,-9.159148501338856e-4,-9.159148501338855e-10,-3.5938606506268647e-6,-0.02201064497619729
2025-04-17T00:00:00Z,9GW2,3.095,1.524,2.8212950152285883e-8,RW,21.8687,Howley_04182025_detailed.txt,77.9186,9,0.0951659493568412,0.02670935561855517,61.61179794400069,6.161179794400069e-5,0.0033109833940625,1570.8360198067603,2.7310445679475404,2.7310445679475404e-6,1.4676480016274885e-4,69.62989755515356
2025-10-10T00:00:00Z,9GW2,2.109999999999999,1.524,NA,RW,11.268199999999998,BEF_10102025.txt,83.94770000000001,9,NA,NA,NA,NA,NA,NA,NA,NA,NA,NA
2024-04-18T00:00:00Z,9GW3,-0.23600000000000088,4.2672,4.636318844522382e-7,RW,17.388,BEF_04182024.txt,101.0931,9,1.942550230214558,0.33411838595285664,NA,NA,NA,NA,NA,NA,NA,NA
2024-05-30T00:00:00Z,9GW3,-0.5260000000000008,4.2672,NA,RW,26.8119,2024_05_30_Howley_TOC_STREAMS_detailed.txt,101.78057,9,NA,NA,NA,NA,NA,NA,NA,NA,NA,NA
2024-07-11T00:00:00Z,9GW3,0.4939999999999992,4.2672,NA,RW,26.7305,2024_07_11_Howley_TOC_STREAMS.txt,79.99076,9,NA,NA,NA,NA,NA,NA,NA,NA,NA,NA
2024-07-29T00:00:00Z,9GW3,-0.4160000000000008,4.2672,4.5599474586569365e-8,RW,25.194999999999997,08012024_Howley_streams_detailed.txt,89.31644000000001,9,0.16514370277298865,0.04658487946189355,NA,NA,NA,NA,NA,NA,NA,NA
2024-10-04T00:00:00Z,9GW3,-0.11600000000000076,4.2672,4.676073163270091e-6,RW,1.404,11152024_Howley_streams_details.txt,101.00343,9,18.80408645459499,0.26138654283573703,NA,NA,NA,NA,NA,NA,NA,NA
2024-11-01T00:00:00Z,9GW3,-0.20600000000000085,4.2672,1.6422167389737985e-6,RW,14.183799999999998,11152024_Howley_streams_details.txt,91.55819,9,6.140611944739769,0.951277124436382,NA,NA,NA,NA,NA,NA,NA,NA
2024-12-09T00:00:00Z,9GW3,-0.3660000000000008,4.2672,3.139182957509885e-7,RW,38.293,Howley_12112024_detailed.txt,66.1574,9,0.9369097157779388,0.542298877318102,-6.750756464774514,-6.750756464774514e-6,-0.0042065342669257,-172.11527288084488,0.1057144706446523,1.0571447064465229e-7,6.587284633907987e-5,2.6952646058853404
2025-01-10T00:00:00Z,9GW3,-0.4860000000000008,4.2672,3.486105369574402e-7,RW,51.428,Howley_01102025_detailed.txt,81.5717,9,1.276046747033442,0.8045012192517238,887.5475107301874,8.875475107301873e-4,0.6109017344473012,21511.06276279803,42.81403142739257,4.281403142739257e-5,0.02946903207035922,1037.6631177809966
2025-01-30T00:00:00Z,9GW3,-0.18100000000000072,4.2672,6.946583343366665e-7,RW,27.433499999999995,Howley_013025_detailed.txt,92.2637,9,2.5826179498313095,0.7679103431435895,2286.239087434675,0.00228623908743467,2.8158117722554894,52489.94819484897,4.83912239653335,4.83912239653335e-6,0.00596003186474832,111.10180264986246
2025-03-12T00:00:00Z,9GW3,0.0349999999999992,4.2672,2.283457084000187e-6,RW,NA,Howley_03142025_detailed.txt,84.6308,9,7.547131252197341,NA,19.090126993879935,1.9090126993879935e-5,0.07490571444359267,465.30377477920416,-7.446674266678009e-4,-7.446674266678008e-10,-2.9219211394091627e-6,-0.01815056362352783
2025-04-17T00:00:00Z,9GW3,-0.35100000000000076,4.2672,2.8212950152285883e-8,RW,33.6865,Howley_04182025_detailed.txt,79.55210000000001,9,0.0971610259916165,0.04114303584778514,-3.9506566061455817,-3.950656606145582e-6,-2.1230606564152468e-4,-101.85626572278156,-0.01203687496435437,-1.203687496435437e-8,-6.468548955446405e-7,-0.3103360420984149
2024-04-18T00:00:00Z,9GW4,-0.4039999999999979,0.3,4.636318844522382e-7,RW,34.3451,BEF_04182024.txt,84.23514000000002,9,1.6186168056885732,0.6599568309977834,NA,NA,NA,NA,NA,NA,NA,NA
2024-05-30T00:00:00Z,9GW4,-0.743999999999998,0.3,NA,RW,26.4641,2024_05_30_Howley_TOC_STREAMS_detailed.txt,83.27866,9,NA,NA,NA,NA,NA,NA,NA,NA,NA,NA
2024-11-01T00:00:00Z,9GW4,-0.42399999999999793,0.3,1.6422167389737985e-6,RW,12.5151,11152024_Howley_streams_details.txt,70.18684,9,4.707281217196834,0.839360985069852,NA,NA,NA,NA,NA,NA,NA,NA
2024-12-09T00:00:00Z,9GW4,-0.6039999999999981,0.3,3.139182957509885e-7,RW,32.572799999999994,Howley_12112024_detailed.txt,55.37629999999999,9,0.7842296325707155,0.4612903891339689,883.6202179410503,8.836202179410503e-4,0.550601809606465,21720.675863930497,11.719073778675568,1.1719073778675568e-5,0.00730239428482714,288.07195422171844
2025-01-10T00:00:00Z,9GW4,0.1260000000000021,0.3,3.486105369574402e-7,RW,35.0999,Howley_01102025_detailed.txt,62.38549999999999,9,0.9759121648446064,0.549076618682694,3098.6236949549266,0.00309862369495492,2.132792404645619,72167.48893291302,36.93385103581273,3.693385103581273e-5,0.0254216854701487,860.1958638012821
2025-01-30T00:00:00Z,9GW4,-0.29399999999999804,0.3,6.946583343366665e-7,RW,NA,Howley_013025_detailed.txt,41.3876,9,1.1585093450667847,NA,1815.734077874701,0.0018157340778747,2.236321397821056,39807.3298947618,16.118821451040315,1.6118821451040314e-5,0.01985250249905041,353.38172634142927
2025-03-12T00:00:00Z,9GW4,0.4570000000000019,0.3,2.283457084000187e-6,RW,NA,Howley_03142025_detailed.txt,30.2204,9,2.694968324698626,NA,19.95487083186473,1.995487083186473e-5,0.07829879061410275,467.4153558436677,-5.613826803858311e-4,-5.613826803858312e-10,-2.202749660284643e-6,-0.01314961582702937
2025-04-17T00:00:00Z,9GW4,-0.4689999999999981,0.3,2.8212950152285883e-8,RW,34.7558,Howley_04182025_detailed.txt,63.6923,9,0.07779064557398026,0.04244902632563344,111.56881868985246,1.1156881868985248e-4,0.00599564561178728,2812.8400539024806,1.7122638346418024,1.7122638346418024e-6,9.201609613641916e-5,43.16908929830925
